app_id,customer_id,bureau_pull_date,num_tradelines,total_outstanding,num_delinquent,oldest_tradeline_months,credit_utilization_pct
10001,5103,2021-07-06,5,31506.05,0,160,0.34
10002,5436,2023-05-31,5,87561.05,0,150,0.28
10003,5271,2022-10-09,9,42202.32,0,175,0.25
10004,5107,2021-07-01,7,108559.74,0,80,0.52
10005,5072,2022-11-01,5,25363.58,1,156,0.42
10006,5701,2022-04-28,7,95943.56,0,117,0.31
10007,5021,2022-10-06,6,8542.27,0,147,0.42
10008,5615,2022-11-30,11,81743.96,0,167,0.13
10009,5122,2021-03-21,9,33911.75,0,96,0.25
10010,5467,2022-04-06,7,12365.85,0,78,0.17
10011,5215,2023-04-29,8,39718.2,0,197,0.07
10012,5331,2021-10-19,8,23678.74,0,103,0.16
10013,5459,2022-06-25,13,110891.41,0,162,0.11
10014,5088,2021-12-02,8,134032.84,0,192,0.21
10015,5373,2022-02-18,7,183925.39,2,148,0.38
10016,5100,2022-05-15,9,12394.63,0,130,0.17
10017,5664,2022-05-15,7,16355.92,0,181,0.12
10018,5131,2021-07-03,7,21890.77,0,175,0.32
10019,5662,2022-09-15,9,64275.25,0,157,0.22
10020,5309,2021-03-21,9,8674.52,0,145,0.28
10021,5344,2021-05-07,8,43071.3,0,120,0.35
10022,5492,2021-01-03,9,70015.53,0,159,0.28
10023,5414,2021-04-17,9,66644.51,0,151,0.59
10024,5386,2022-03-07,10,9137.9,0,120,0.12
10025,5192,2022-07-06,7,23753.54,0,201,0.35
10026,5277,2022-12-24,12,28841.83,0,151,0.07
10027,5161,2021-04-08,9,63656.57,0,225,0.22
10028,5460,2023-02-14,10,40678.61,0,139,0.35
10029,5314,2022-11-10,8,8947.26,1,129,0.33
10030,5022,2022-01-07,10,30916.35,1,140,0.23
10031,5253,2023-04-29,9,105059.75,0,126,0.22
10032,5748,2023-06-21,6,116730.15,0,164,0.32
10033,5561,2021-07-06,8,12069.07,0,206,0.19
10034,5475,2021-12-12,8,79752.78,0,137,0.05
10035,5059,2023-04-24,6,23914.09,0,130,0.19
10036,5511,2022-10-19,11,41655.5,0,146,0.11
10037,5682,2021-02-13,8,21103.94,0,180,0.43
10038,5476,2022-12-13,6,21991.56,0,115,0.42
10039,5700,2023-01-24,10,52771.86,0,149,0.35
10040,5190,2022-11-14,8,93240.98,0,149,0.08
10041,5687,2022-12-29,6,87409.79,1,130,0.22
10042,5563,2023-01-21,8,13139.62,0,129,0.19
10043,5567,2021-06-19,12,17042.72,0,96,0.29
10044,5244,2021-08-03,8,4844.91,0,106,0.07
10045,5505,2022-07-31,6,28074.38,0,116,0.15
10046,5131,2023-04-07,11,19992.13,0,133,0.26
10047,5485,2021-10-15,8,44834.98,0,132,0.29
10048,5647,2022-06-20,9,13944.31,0,170,0.35
10049,5021,2022-09-14,10,151267.28,0,80,0.17
10050,5167,2022-02-16,5,38396.3,0,118,0.24
10051,5274,2022-10-12,7,57480.5,0,153,0.25
10052,5388,2023-03-30,3,47907.98,0,62,0.37
10053,5601,2022-07-22,7,36890.04,2,100,0.31
10054,5316,2022-05-07,9,7621.39,0,152,0.1
10055,5014,2022-02-04,11,33664.27,0,197,0.41
10056,5242,2022-06-10,3,17479.47,2,121,0.4
10057,5346,2021-11-20,6,69159.27,1,104,0.57
10058,5565,2021-12-23,10,48059.1,0,103,0.05
10059,5340,2022-04-29,8,39850.17,0,169,0.31
10060,5092,2021-03-02,13,155720.82,0,183,0.5
10061,5367,2021-07-28,12,99916.99,0,191,0.14
10062,5455,2022-05-09,7,43024.98,0,230,0.37
10063,5428,2022-01-28,9,99932.24,0,124,0.32
10064,5509,2021-10-30,9,177082.86,0,111,0.26
10065,5035,2022-10-27,6,60572.49,0,127,0.26
10066,5206,2022-09-24,9,41948.55,0,110,0.05
10067,5081,2021-06-01,11,39856.05,0,143,0.16
10068,5562,2023-03-11,9,87598.39,0,183,0.19
10069,5388,2022-03-27,6,29122.93,0,155,0.37
10070,5002,2022-11-06,7,245782.4,0,184,0.31
10071,5390,2022-06-06,7,38927.75,0,103,0.16
10072,5566,2023-06-27,2,21852.05,0,133,0.14
10073,5106,2022-11-16,9,31269.76,0,186,0.2
10074,5477,2022-10-06,5,14304.49,1,159,0.33
10075,5703,2022-12-10,8,39653.24,0,178,0.32
10076,5402,2021-05-11,8,239843.51,1,152,0.19
10077,5730,2021-07-06,7,66725.21,0,145,0.29
10078,5556,2022-10-12,9,26307.84,0,134,0.45
10079,5162,2022-03-26,11,30994.04,0,194,0.49
10080,5202,2022-11-18,6,19223.31,0,75,0.34
10081,5270,2021-04-04,8,42798.25,0,169,0.24
10082,5271,2022-05-04,6,15080.89,0,139,0.35
10083,5456,2021-12-11,10,42492.31,0,148,0.34
10084,5462,2022-02-20,5,83698.39,0,99,0.21
10085,5727,2022-07-04,9,30976.92,1,191,0.38
10086,5252,2022-04-03,6,146170.13,0,136,0.1
10087,5702,2022-05-07,8,58672.1,0,178,0.17
10088,5296,2022-03-19,9,60985.42,0,165,0.27
10089,5725,2022-01-08,6,140609.52,0,119,0.19
10090,5720,2022-12-04,9,48358.54,0,161,0.27
10091,5749,2021-01-12,7,40426.0,0,142,0.4
10092,5338,2022-06-29,11,18848.49,0,95,0.24
10093,5053,2022-05-30,11,84337.22,1,94,0.58
10094,5217,2022-10-14,7,65822.78,0,123,0.12
10095,5188,2022-06-30,8,39433.63,0,158,0.35
10096,5380,2023-01-23,7,37151.16,2,73,0.34
10097,5493,2023-05-23,7,78198.96,0,183,0.22
10098,5041,2021-11-08,8,25341.78,0,157,0.47
10099,5157,2021-07-26,11,18460.55,0,129,0.35
10100,5015,2022-01-21,12,28123.8,1,120,0.22
10101,5065,2021-09-20,6,10650.29,0,157,0.3
10102,5521,2022-07-14,10,77672.61,0,161,0.33
10103,5344,2023-04-10,9,103950.7,0,159,0.41
10104,5129,2021-05-07,12,129076.76,0,167,0.02
10105,5648,2021-04-02,7,37305.11,0,156,0.16
10106,5472,2021-08-21,6,87943.17,0,172,0.15
10107,5063,2022-10-23,10,87783.59,0,146,0.19
10108,5139,2022-06-24,9,50075.06,0,172,0.28
10109,5499,2021-04-04,7,14048.38,0,171,0.52
10110,5593,2023-04-17,6,160592.32,2,98,0.35
10111,5392,2022-12-20,7,21382.0,0,132,0.3
10112,5675,2021-01-21,10,64801.79,0,126,0.19
10113,5419,2022-08-16,7,13177.73,0,99,0.14
10114,5289,2022-12-03,7,37934.79,0,143,0.22
10115,5379,2021-12-07,8,34916.26,1,124,0.49
10116,5490,2021-03-04,10,25781.97,0,98,0.35
10117,5231,2021-03-12,3,38482.53,0,119,0.16
10118,5041,2021-04-05,7,62245.62,0,119,0.37
10119,5028,2023-02-04,8,326113.97,0,157,0.5
10120,5135,2023-04-09,7,86792.52,0,118,0.37
10121,5201,2021-04-22,8,31123.74,0,81,0.13
10122,5033,2021-08-03,9,19535.24,0,107,0.62
10123,5048,2021-05-31,5,21209.6,0,45,0.36
10124,5503,2021-06-19,5,15684.07,0,172,0.18
10125,5407,2023-02-02,8,31712.25,0,138,0.26
10126,5574,2021-10-30,9,117884.69,0,131,0.57
10127,5728,2021-10-11,10,61098.42,0,146,0.37
10128,5099,2021-07-26,6,66678.03,2,137,0.44
10129,5684,2022-07-08,4,75064.91,0,199,0.4
10130,5726,2021-12-12,5,17255.11,0,167,0.29
10131,5547,2022-11-09,3,51590.7,1,130,0.22
10132,5739,2021-07-07,5,16410.67,0,100,0.32
10133,5613,2022-12-18,8,157481.24,1,180,0.33
10134,5462,2022-07-04,11,3668.97,2,163,0.21
10135,5643,2021-04-14,8,75364.27,0,143,0.18
10136,5005,2022-01-13,7,54415.12,0,135,0.39
10137,5218,2023-02-25,10,16796.41,0,142,0.25
10138,5503,2023-04-20,12,49598.27,0,176,0.25
10139,5398,2022-02-28,6,53426.06,0,141,0.18
10140,5393,2022-03-14,13,87346.23,0,147,0.35
10141,5207,2023-04-16,7,17974.76,0,176,0.05
10142,5015,2022-06-19,7,344384.83,0,90,0.37
10143,5554,2021-01-30,8,45958.62,0,118,0.37
10144,5461,2023-04-11,6,64619.26,0,166,0.34
10145,5691,2021-08-14,6,8581.2,0,124,0.36
10146,5575,2022-06-10,7,77338.38,0,79,0.09
10147,5743,2021-05-31,9,187047.86,1,120,0.18
10148,5241,2021-01-31,7,32797.51,0,207,0.1
10149,5564,2021-10-11,8,115496.07,0,133,0.3
10150,5096,2022-12-12,8,28727.39,0,156,0.39
10151,5734,2021-09-10,5,30623.72,0,171,0.13
10152,5485,2021-07-20,4,22235.01,0,92,0.5
10153,5407,2021-07-13,5,41480.35,0,108,0.43
10154,5231,2022-04-14,2,86421.83,0,110,0.56
10155,5749,2023-06-07,9,32428.91,0,221,0.13
10156,5655,2022-02-22,8,28512.22,0,70,0.26
10157,5171,2022-05-23,6,16086.59,0,107,0.39
10158,5541,2023-02-23,8,28108.79,0,118,0.36
10159,5036,2022-05-02,7,22055.32,0,136,0.31
10160,5525,2021-06-17,6,19416.66,0,107,0.54
10161,5160,2021-09-30,7,103474.26,1,129,0.33
10162,5699,2021-10-10,8,158458.05,1,131,0.39
10163,5243,2021-12-28,9,63604.49,0,155,0.31
10164,5086,2022-01-24,5,48279.44,0,113,0.3
10165,5578,2022-12-29,2,140170.0,0,197,0.45
10166,5682,2021-11-14,6,46417.29,0,145,0.24
10167,5557,2022-03-03,7,52986.75,0,180,0.17
10168,5574,2022-07-23,6,9795.77,0,95,0.55
10169,5646,2021-12-10,8,33910.66,0,137,0.25
10170,5028,2023-02-01,11,71155.48,0,237,0.07
10171,5620,2022-06-19,7,30170.79,0,97,0.69
10172,5556,2021-09-25,12,42686.51,0,157,0.3
10173,5340,2022-10-12,9,107685.88,0,175,0.27
10174,5331,2022-04-26,8,124298.47,0,144,0.55
10175,5640,2022-05-02,9,23274.26,1,209,0.38
10176,5506,2022-03-14,9,91586.49,0,137,0.6
10177,5348,2022-03-29,9,83379.96,0,156,0.19
10178,5473,2022-11-28,8,193236.44,0,139,0.22
10179,5231,2021-04-04,11,51187.98,1,110,0.28
10180,5190,2021-11-01,10,36263.52,0,201,0.32
10181,5225,2021-03-10,8,108532.44,0,129,0.08
10182,5385,2022-11-17,8,29695.87,0,100,0.49
10183,5377,2021-09-05,14,58649.9,0,191,0.18
10184,5283,2023-03-28,9,83057.25,1,124,0.39
10185,5633,2022-04-25,7,26087.1,0,152,0.52
10186,5628,2022-12-30,10,13208.64,3,92,0.45
10187,5745,2023-06-10,7,62790.84,0,145,0.38
10188,5259,2023-02-04,7,5411.07,1,152,0.19
10189,5359,2023-02-28,8,31696.67,0,105,0.16
10190,5710,2022-01-07,10,132557.07,1,150,0.51
10191,5456,2022-05-18,9,45737.19,0,137,0.33
10192,5411,2021-08-20,10,119927.68,1,143,0.35
10193,5649,2021-06-28,9,185364.31,0,172,0.18
10194,5318,2022-04-06,5,33286.48,0,201,0.19
10195,5677,2022-06-26,10,40840.91,0,181,0.54
10196,5225,2021-11-05,6,80260.15,0,157,0.09
10197,5234,2022-06-03,9,44173.21,1,86,0.46
10198,5684,2023-03-19,6,14330.35,1,97,0.24
10199,5664,2022-05-22,11,55490.09,0,123,0.3
10200,5374,2022-10-18,11,43984.05,1,168,0.25
10201,5672,2023-01-03,7,43075.94,0,188,0.27
10202,5608,2023-06-19,8,74747.15,1,111,0.39
10203,5472,2022-07-03,9,41837.52,0,157,0.24
10204,5233,2023-01-05,11,75769.97,0,113,0.38
10205,5692,2023-05-27,8,147536.93,0,146,0.31
10206,5113,2023-05-10,10,30056.29,0,176,0.42
10207,5497,2021-05-09,6,13590.86,1,118,0.49
10208,5442,2022-01-05,9,27999.56,0,130,0.18
10209,5564,2021-10-22,6,88672.21,0,133,0.08
10210,5268,2021-03-21,7,143576.86,2,108,0.44
10211,5510,2022-07-31,11,15910.17,0,191,0.34
10212,5386,2022-11-01,9,15932.79,0,130,0.19
10213,5387,2023-02-11,10,38006.8,0,155,0.32
10214,5113,2021-04-22,10,36538.21,0,141,0.49
10215,5613,2023-03-09,6,71261.5,0,112,0.48
10216,5625,2022-08-09,8,24150.05,0,146,0.13
10217,5081,2022-10-03,9,43902.63,0,73,0.71
10218,5699,2023-04-09,8,225268.52,0,132,0.11
10219,5113,2022-07-23,6,53171.54,0,105,0.13
10220,5002,2021-11-02,7,30446.51,0,175,0.12
10221,5642,2023-01-21,9,18402.44,0,136,0.6
10222,5220,2021-11-27,10,105655.75,0,162,0.41
10223,5566,2021-02-01,4,16893.43,0,129,0.49
10224,5736,2023-01-26,5,10951.56,1,63,0.41
10225,5225,2021-11-11,6,52436.09,0,134,0.2
10226,5385,2022-12-06,7,6287.15,0,123,0.36
10227,5403,2021-11-27,5,45736.96,0,124,0.55
10228,5638,2023-02-23,11,38324.48,0,163,0.23
10229,5130,2021-07-19,10,26959.48,0,144,0.39
10230,5053,2023-06-06,10,66603.22,0,150,0.29
10231,5684,2022-12-11,10,23675.89,0,137,0.32
10232,5730,2021-04-14,4,26702.41,0,162,0.15
10233,5672,2022-05-30,10,55628.81,0,161,0.32
10234,5710,2023-06-16,4,78624.13,0,136,0.39
10235,5416,2022-03-05,8,39508.06,0,94,0.39
10236,5247,2021-06-15,6,22243.35,0,69,0.52
10237,5439,2022-03-18,8,83056.52,0,160,0.43
10238,5203,2022-04-12,10,39787.66,1,112,0.16
10239,5184,2022-11-06,5,23828.04,0,131,0.43
10240,5123,2022-09-28,12,96075.72,0,190,0.46
10241,5401,2022-01-02,12,29682.64,0,156,0.42
10242,5294,2021-07-18,10,28785.31,0,94,0.23
10243,5280,2022-08-10,8,106471.75,0,198,0.15
10244,5610,2022-01-19,6,8870.76,0,100,0.19
10245,5198,2021-05-01,7,61917.82,0,109,0.15
10246,5511,2023-03-31,9,36613.83,0,142,0.5
10247,5144,2022-09-22,9,82081.91,0,171,0.24
10248,5609,2022-09-14,9,30529.99,0,178,0.22
10249,5201,2023-01-19,12,127855.7,0,163,0.15
10250,5124,2022-04-27,11,52449.18,0,155,0.12
10251,5187,2023-01-12,8,35228.35,0,200,0.2
10252,5326,2022-03-30,8,109540.63,0,166,0.11
10253,5464,2021-03-03,7,33342.67,1,139,0.36
10254,5349,2022-01-04,10,168640.97,0,139,0.23
10255,5660,2022-03-29,6,18797.67,0,165,0.38
10256,5403,2022-10-18,8,179881.41,0,100,0.52
10257,5346,2021-04-07,8,30239.64,0,164,0.31
10258,5511,2021-05-08,11,58883.77,0,112,0.17
10259,5147,2021-08-28,10,24668.13,0,130,0.22
10260,5148,2021-08-31,10,45955.29,0,100,0.16
10261,5711,2022-10-29,9,76668.09,0,149,0.27
10262,5489,2021-08-17,7,54628.18,1,111,0.2
10263,5640,2022-07-31,3,16675.11,0,70,0.4
10264,5551,2022-03-26,11,99511.93,1,132,0.22
10265,5338,2022-06-06,9,143444.15,1,140,0.21
10266,5641,2023-02-02,9,18311.01,0,164,0.26
10267,5473,2022-01-03,6,124786.49,0,138,0.13
10268,5151,2022-12-03,9,30331.46,0,137,0.23
10269,5415,2022-01-20,7,10155.07,1,84,0.46
10270,5298,2021-11-19,9,13780.18,1,161,0.54
10271,5611,2023-05-23,10,29048.54,0,176,0.37
10272,5263,2021-06-17,5,28146.96,0,131,0.71
10273,5144,2021-03-24,8,37162.66,0,90,0.39
10274,5346,2022-12-03,8,88940.21,2,184,0.15
10275,5624,2021-03-04,10,23416.15,0,182,0.17
10276,5572,2023-02-01,9,70914.96,0,181,0.11
10277,5002,2022-02-02,7,83171.58,0,105,0.39
10278,5304,2023-04-14,9,159988.95,0,193,0.15
10279,5254,2022-10-19,9,22953.11,0,119,0.4
10280,5652,2022-07-10,10,100015.8,2,101,0.15
10281,5453,2023-05-14,8,84878.94,0,172,0.2
10282,5037,2021-12-27,7,173314.0,0,90,0.32
10283,5160,2023-05-19,8,194321.84,0,170,0.47
10284,5009,2021-05-03,8,155023.72,0,99,0.23
10285,5233,2022-03-17,8,103829.74,0,151,0.32
10286,5099,2021-09-03,8,70359.98,0,97,0.08
10287,5659,2022-05-07,11,36539.68,0,131,0.21
10288,5208,2021-05-28,8,19620.04,0,167,0.42
10289,5131,2023-02-05,9,68335.15,1,68,0.25
10290,5404,2023-02-10,8,146222.72,0,62,0.48
10291,5152,2023-05-20,8,34571.53,1,90,0.42
10292,5054,2021-05-21,9,41771.21,0,145,0.34
10293,5120,2022-07-22,7,159545.04,0,156,0.5
10294,5673,2022-03-08,8,56842.5,0,149,0.17
10295,5628,2021-11-10,5,37315.78,1,138,0.47
10296,5587,2021-11-16,7,68128.08,0,172,0.15
10297,5625,2022-01-11,8,67798.97,0,96,0.4
10298,5420,2022-10-04,10,29230.48,0,175,0.04
10299,5422,2022-06-29,8,78152.01,2,102,0.27
10300,5104,2022-02-23,3,16146.72,1,109,0.09
10301,5254,2021-03-11,8,17657.79,0,113,0.4
10302,5227,2021-03-12,5,69467.54,0,160,0.39
10303,5112,2021-01-03,7,72397.31,0,132,0.13
10304,5510,2023-05-31,4,43830.85,0,155,0.43
10305,5473,2021-01-05,7,24343.39,0,116,0.35
10306,5099,2021-04-04,13,24375.24,0,212,0.06
10307,5153,2021-10-14,9,76786.5,0,120,0.05
10308,5338,2023-01-05,8,40131.54,1,138,0.37
10309,5706,2023-05-26,7,68624.35,0,194,0.14
10310,5163,2022-12-20,7,20408.02,0,198,0.15
10311,5720,2022-09-21,9,30660.49,0,155,0.37
10312,5681,2022-04-20,6,111352.68,1,52,0.74
10313,5161,2021-03-20,8,21695.14,0,88,0.4
10314,5580,2023-05-22,6,113810.3,0,148,0.54
10315,5398,2022-11-22,11,8393.67,0,127,0.26
10316,5277,2022-08-05,9,44102.15,2,57,0.21
10317,5504,2022-11-22,6,32282.26,0,79,0.3
10318,5392,2022-10-21,7,45912.22,0,148,0.57
10319,5135,2022-08-03,10,93739.84,0,150,0.35
10320,5195,2023-06-12,8,23372.6,0,160,0.33
10321,5401,2023-04-03,5,43109.31,0,160,0.15
10322,5640,2022-08-12,7,18212.65,2,142,0.18
10323,5033,2022-09-23,7,9190.24,0,74,0.41
10324,5688,2021-02-16,4,21486.16,0,119,0.53
10325,5460,2022-09-02,8,37483.75,0,95,0.45
10326,5470,2021-02-10,8,9137.3,0,129,0.22
10327,5375,2022-06-20,7,65074.08,0,184,0.25
10328,5022,2023-06-29,11,24620.72,0,142,0.13
10329,5750,2022-05-21,7,289415.3,0,127,0.23
10330,5670,2022-03-07,8,4583.36,0,164,0.45
10331,5038,2021-10-12,6,32996.15,0,134,0.13
10332,5230,2021-04-20,7,25634.87,0,133,0.48
10333,5365,2022-10-28,9,32437.92,0,142,0.3
10334,5563,2021-06-25,5,19762.71,0,158,0.31
10335,5438,2021-04-15,11,26815.75,0,173,0.09
10336,5283,2022-01-19,8,12214.8,0,101,0.4
10337,5027,2022-12-25,10,11863.16,0,84,0.28
10338,5226,2022-11-10,12,56171.96,0,134,0.13
10339,5277,2021-02-19,10,57929.99,1,167,0.15
10340,5609,2022-02-19,8,84401.01,0,128,0.24
10341,5284,2022-04-21,9,11284.78,0,170,0.45
10342,5481,2022-08-10,8,31582.72,0,168,0.33
10343,5453,2022-08-15,9,64557.82,0,180,0.46
10344,5659,2021-11-28,8,24003.87,0,142,0.07
10345,5516,2022-05-26,9,44703.06,0,184,0.31
10346,5547,2022-03-14,4,58208.78,0,101,0.28
10347,5192,2023-03-17,10,53831.21,1,147,0.53
10348,5049,2022-04-28,6,23353.37,0,130,0.57
10349,5512,2022-02-06,7,99637.84,0,97,0.12
10350,5017,2022-01-04,8,46723.6,0,112,0.32
10351,5172,2022-06-05,9,283317.66,0,123,0.12
10352,5220,2023-01-02,6,90626.95,0,190,0.29
10353,5158,2022-05-05,12,31748.96,0,122,0.14
10354,5477,2022-08-26,7,126921.55,0,123,0.31
10355,5046,2022-11-03,9,26816.66,1,150,0.08
10356,5373,2022-04-19,7,197976.88,0,160,0.46
10357,5518,2022-01-24,7,15233.28,0,110,0.28
10358,5099,2023-03-09,6,16429.62,0,140,0.51
10359,5745,2022-01-15,8,49053.57,1,130,0.11
10360,5037,2022-02-25,8,59968.02,0,175,0.24
10361,5280,2023-06-21,9,11392.68,0,47,0.14
10362,5349,2021-01-01,11,24706.05,0,88,0.22
10363,5497,2021-06-18,10,105029.19,0,80,0.23
10364,5302,2021-12-16,8,21104.27,0,219,0.06
10365,5181,2023-04-29,10,20272.32,0,126,0.17
10366,5607,2021-03-05,6,10539.21,0,117,0.45
10367,5099,2021-01-09,7,46554.04,0,171,0.46
10368,5700,2021-02-17,14,98350.32,0,191,0.05
10369,5116,2021-03-22,10,55025.18,1,119,0.1
10370,5191,2021-02-04,9,19302.37,0,129,0.46
10371,5253,2022-03-13,6,33538.72,0,97,0.28
10372,5161,2022-06-13,8,31016.59,0,120,0.29
10373,5256,2021-09-05,8,20660.11,1,105,0.31
10374,5323,2021-12-29,7,8379.9,1,145,0.47
10375,5128,2021-03-25,2,90619.9,1,102,0.65
10376,5018,2021-11-03,10,35503.36,0,175,0.41
10377,5735,2022-04-21,9,27794.94,0,224,0.1
10378,5566,2022-10-29,8,72133.69,0,126,0.26
10379,5570,2021-01-04,9,49443.33,0,155,0.34
10380,5323,2022-03-02,11,91875.07,0,143,0.14
10381,5686,2021-09-28,7,109493.34,0,110,0.34
10382,5626,2023-02-16,7,14851.0,1,73,0.39
10383,5288,2022-10-14,9,80882.74,0,136,0.47
10384,5663,2022-06-21,8,263703.24,0,169,0.19
10385,5639,2021-09-10,7,18387.93,3,82,0.25
10386,5155,2023-04-09,9,12291.87,0,188,0.24
10387,5490,2021-02-11,9,106665.34,0,123,0.39
10388,5386,2021-04-10,9,44648.42,0,136,0.16
10389,5104,2021-12-23,7,78688.3,0,140,0.41
10390,5393,2021-04-24,9,65957.99,2,194,0.42
10391,5246,2023-05-21,10,42230.26,0,166,0.4
10392,5176,2022-12-28,8,8817.76,0,168,0.31
10393,5039,2021-08-24,8,84021.47,1,76,0.34
10394,5477,2022-06-20,7,37101.51,0,172,0.26
10395,5682,2023-06-13,8,108263.31,1,169,0.2
10396,5538,2023-03-16,8,73839.99,0,154,0.21
10397,5408,2022-07-01,13,91794.78,0,148,0.36
10398,5525,2023-04-03,9,18349.72,0,171,0.27
10399,5506,2023-06-20,9,62635.55,0,148,0.2
10400,5036,2022-11-08,6,135478.54,0,153,0.19
10401,5685,2021-03-01,9,6924.92,0,140,0.25
10402,5020,2022-01-01,6,448384.33,0,122,0.13
10403,5321,2023-02-02,7,30354.93,0,117,0.38
10404,5512,2021-07-29,8,26634.04,0,169,0.41
10405,5400,2023-01-26,7,43890.81,0,92,0.4
10406,5654,2021-04-20,11,192120.66,0,214,0.34
10407,5471,2021-02-12,10,66824.85,0,173,0.45
10408,5143,2021-12-16,7,402562.47,0,154,0.08
10409,5092,2021-02-03,4,9908.58,0,147,0.23
10410,5354,2023-05-22,5,17117.37,1,177,0.55
10411,5727,2023-01-22,6,163010.24,1,151,0.15
10412,5051,2022-12-30,10,52973.64,0,165,0.08
10413,5665,2022-07-28,6,4311.68,0,124,0.33
10414,5698,2021-07-16,9,63684.23,0,160,0.11
10415,5575,2022-04-17,7,36794.16,0,130,0.22
10416,5190,2022-06-28,8,58861.1,0,126,0.44
10417,5125,2022-04-23,5,48849.1,0,64,0.32
10418,5150,2021-08-25,4,41833.65,0,134,0.33
10419,5314,2022-04-14,8,11192.59,0,121,0.44
10420,5570,2022-03-23,8,53242.31,0,112,0.21
10421,5342,2023-06-26,5,28968.0,0,129,0.04
10422,5305,2023-03-28,7,19888.95,1,174,0.19
10423,5692,2022-02-26,7,34222.22,0,121,0.39
10424,5682,2022-07-21,3,78039.25,1,162,0.68
10425,5054,2022-11-12,4,12302.57,0,70,0.54
10426,5444,2021-02-01,11,42740.34,0,185,0.31
10427,5613,2023-03-26,9,24682.16,0,179,0.25
10428,5264,2023-02-22,9,32633.74,0,157,0.29
10429,5053,2022-02-21,6,15711.37,0,133,0.26
10430,5572,2021-12-22,5,64838.91,0,121,0.24
10431,5620,2021-09-06,10,32908.19,0,128,0.37
10432,5005,2022-03-10,4,6622.49,0,171,0.25
10433,5103,2021-02-10,11,28530.81,0,184,0.19
10434,5196,2023-02-15,11,39936.11,0,213,0.17
10435,5350,2021-02-02,8,56228.98,0,178,0.24
10436,5047,2021-10-27,8,27675.17,0,172,0.68
10437,5656,2023-04-28,9,74720.85,0,184,0.35
10438,5269,2022-11-01,6,122532.52,0,189,0.27
10439,5370,2021-09-14,10,37887.27,0,173,0.34
10440,5636,2021-08-18,8,77025.15,0,171,0.25
10441,5106,2021-01-05,8,21426.6,0,118,0.26
10442,5670,2022-09-26,10,72558.68,0,186,0.42
10443,5659,2021-02-14,10,83095.92,0,141,0.2
10444,5657,2022-04-30,10,222192.2,0,125,0.18
10445,5120,2023-05-26,8,21201.32,0,143,0.19
10446,5604,2021-04-10,9,107235.31,0,114,0.35
10447,5058,2023-03-25,8,73067.14,0,128,0.49
10448,5346,2023-06-22,7,118556.91,0,130,0.46
10449,5741,2021-02-25,8,40708.26,0,155,0.12
10450,5474,2023-03-15,9,2465.7,1,136,0.18
10451,5117,2022-04-15,10,75202.79,0,214,0.17
10452,5127,2023-04-05,4,37910.88,0,68,0.49
10453,5393,2022-06-04,7,23954.58,0,127,0.43
10454,5641,2022-08-26,2,35897.08,1,151,0.26
10455,5058,2022-05-10,5,44578.59,1,126,0.19
10456,5634,2023-02-26,8,63644.1,0,153,0.51
10457,5513,2022-10-30,7,47845.77,0,132,0.51
10458,5096,2022-04-20,9,45935.02,0,87,0.26
10459,5638,2023-03-02,7,12381.34,2,110,0.35
10460,5118,2021-08-12,6,130389.7,0,140,0.12
10461,5560,2021-05-24,9,14694.67,0,154,0.16
10462,5601,2021-05-26,9,22564.06,0,168,0.23
10463,5488,2021-10-31,8,39653.95,0,117,0.19
10464,5237,2021-08-06,9,111809.22,0,168,0.4
10465,5272,2023-04-27,7,61134.77,0,165,0.5
10466,5189,2021-04-07,6,44342.23,0,160,0.23
10467,5704,2022-09-29,8,108786.09,0,109,0.36
10468,5447,2021-06-22,5,88265.37,0,184,0.38
10469,5581,2023-03-14,6,83580.8,1,125,0.36
10470,5247,2023-05-25,8,37052.52,0,115,0.3
10471,5076,2022-02-28,5,76315.8,1,156,0.34
10472,5154,2023-03-11,14,48203.62,0,104,0.38
10473,5656,2021-01-05,10,27531.33,0,127,0.12
10474,5435,2023-01-17,4,18182.73,1,210,0.39
10475,5086,2021-07-28,8,26271.03,1,120,0.38
10476,5697,2023-04-07,9,18250.54,0,141,0.22
10477,5285,2021-01-02,7,76782.03,0,159,0.28
10478,5220,2022-05-22,8,51204.27,0,195,0.11
10479,5069,2022-11-20,7,4543.89,1,108,0.36
10480,5047,2021-08-24,10,31230.07,0,141,0.2
10481,5094,2021-06-25,5,13735.18,0,82,0.43
10482,5750,2021-03-18,8,18306.56,0,115,0.29
10483,5453,2021-10-25,9,39988.74,0,84,0.47
10484,5204,2022-05-25,5,40050.77,0,177,0.1
10485,5218,2021-04-16,9,111422.62,0,157,0.51
10486,5474,2021-12-09,9,32725.2,3,110,0.62
10487,5432,2021-01-09,7,104564.82,0,78,0.14
10488,5341,2023-01-15,8,101247.13,0,129,0.23
10489,5551,2021-04-27,8,109379.85,0,148,0.17
10490,5612,2021-09-15,11,25009.48,0,127,0.27
10491,5289,2021-01-17,8,22192.07,1,108,0.22
10492,5254,2022-01-29,7,28483.45,0,143,0.42
10493,5734,2023-02-04,8,28532.26,0,135,0.09
10494,5357,2021-12-23,6,38916.08,0,142,0.15
10495,5023,2021-06-13,11,125366.52,0,81,0.43
10496,5522,2022-11-17,7,6280.21,0,98,0.25
10497,5100,2022-12-19,9,38622.07,0,179,0.16
10498,5180,2021-06-08,8,7649.84,1,161,0.21
10499,5223,2022-12-03,8,22049.81,0,149,0.6
10500,5659,2023-05-13,11,82884.67,0,159,0.26
10501,5442,2021-06-01,8,46476.85,0,173,0.22
10502,5608,2022-12-03,8,50608.69,1,142,0.42
10503,5325,2022-10-07,6,13520.04,0,137,0.27
10504,5516,2022-03-07,7,18320.94,0,148,0.45
10505,5016,2021-02-22,6,111222.39,0,174,0.48
10506,5336,2021-03-09,7,55514.03,0,95,0.23
10507,5258,2023-02-15,8,59713.17,0,88,0.22
10508,5497,2023-06-21,7,17645.56,0,132,0.45
10509,5160,2022-09-08,7,91645.86,0,157,0.25
10510,5475,2022-02-10,9,32270.68,2,128,0.42
10511,5664,2022-08-13,5,46593.34,1,128,0.19
10512,5690,2022-06-25,7,24121.93,0,216,0.36
10513,5675,2021-12-16,10,101317.84,0,164,0.06
10514,5380,2021-03-01,8,21437.34,0,112,0.22
10515,5545,2023-01-18,12,166915.49,0,109,0.13
10516,5691,2021-12-05,6,27212.27,2,147,0.57
10517,5427,2023-01-16,8,30511.74,0,228,0.31
10518,5613,2021-08-18,10,86997.37,0,200,0.44
10519,5268,2021-01-01,8,79347.37,0,186,0.41
10520,5577,2021-05-25,11,64556.45,3,135,0.34
10521,5417,2022-03-03,10,84978.0,0,122,0.66
10522,5168,2023-05-10,12,66194.52,0,153,0.38
10523,5043,2021-04-03,4,28718.14,0,116,0.13
10524,5556,2023-02-17,8,196798.49,2,122,0.2
10525,5285,2022-04-25,7,51699.37,1,92,0.44
10526,5397,2023-01-22,8,23489.32,0,142,0.15
10527,5012,2021-09-29,7,66765.36,0,101,0.27
10528,5607,2023-02-04,9,248969.54,0,180,0.34
10529,5302,2022-12-05,6,48375.53,0,158,0.18
10530,5253,2021-07-29,8,27594.95,0,116,0.45
10531,5499,2021-04-30,7,28213.13,0,126,0.16
10532,5035,2023-03-01,9,70640.59,0,84,0.08
10533,5727,2023-05-27,8,19258.24,1,195,0.31
10534,5090,2021-01-29,7,4695.44,1,95,0.62
10535,5605,2022-10-28,11,61650.45,0,158,0.52
10536,5602,2023-04-08,6,92942.01,0,203,0.7
10537,5418,2023-02-20,7,103537.53,0,127,0.15
10538,5115,2023-05-28,7,22253.04,0,154,0.4
10539,5617,2022-11-23,6,28774.0,1,78,0.23
10540,5196,2022-02-07,4,68026.57,0,185,0.22
10541,5501,2021-10-11,8,24288.54,0,205,0.45
10542,5626,2021-10-19,10,39228.73,0,135,0.32
10543,5493,2022-10-22,9,5529.4,0,67,0.21
10544,5075,2022-11-10,11,65179.26,0,90,0.44
10545,5413,2021-07-02,6,87986.04,2,188,0.51
10546,5376,2023-03-01,9,27740.63,1,119,0.25
10547,5420,2022-10-13,7,29539.73,2,148,0.26
10548,5729,2022-05-28,7,19593.49,0,145,0.66
10549,5277,2022-03-06,7,120542.86,0,127,0.2
10550,5676,2022-05-10,6,273656.98,1,109,0.32
10551,5394,2021-05-25,6,49918.42,0,155,0.29
10552,5457,2021-07-05,6,47761.38,1,57,0.15
10553,5192,2021-03-24,8,35922.11,2,127,0.17
10554,5739,2021-05-20,8,47409.49,0,129,0.37
10555,5689,2022-02-17,4,92170.37,0,132,0.34
10556,5099,2022-04-28,5,16810.77,1,81,0.5
10557,5548,2021-01-17,7,33368.4,2,126,0.56
10558,5096,2022-12-27,9,147318.53,1,124,0.33
10559,5664,2021-09-25,10,42246.82,0,204,0.26
10560,5663,2023-04-10,11,137847.95,0,220,0.09
10561,5190,2023-05-31,9,64826.63,0,182,0.19
10562,5736,2021-06-18,7,46470.28,0,107,0.13
10563,5037,2022-02-25,5,45563.58,0,175,0.24
10564,5369,2021-01-02,8,18375.79,0,160,0.28
10565,5695,2022-06-29,9,112305.29,2,152,0.2
10566,5525,2022-07-07,5,65365.57,0,171,0.43
10567,5279,2021-08-14,10,40617.33,0,169,0.03
10568,5217,2022-05-24,7,48559.4,0,136,0.13
10569,5273,2021-07-25,8,63202.1,0,125,0.28
10570,5062,2021-05-27,7,27537.37,0,113,0.39
10571,5596,2022-08-16,6,26478.45,0,189,0.38
10572,5729,2021-10-24,7,75855.83,0,134,0.41
10573,5342,2022-06-22,8,49368.64,0,129,0.19
10574,5397,2022-01-30,6,70920.5,0,91,0.46
10575,5699,2023-06-15,9,119897.68,0,101,0.2
10576,5019,2021-05-17,6,33764.73,1,109,0.24
10577,5177,2022-02-27,6,35401.04,0,84,0.51
10578,5612,2022-09-12,8,48383.97,1,91,0.29
10579,5396,2021-12-26,7,15209.09,3,121,0.42
10580,5445,2023-06-06,9,230387.01,0,131,0.33
10581,5233,2022-10-19,8,39101.63,0,100,0.29
10582,5076,2022-08-21,9,71176.2,0,136,0.21
10583,5265,2022-11-20,8,72375.84,0,154,0.28
10584,5455,2023-05-17,8,31701.5,0,173,0.11
10585,5718,2023-04-07,6,317585.62,0,155,0.29
10586,5735,2022-10-22,11,42448.44,0,197,0.4
10587,5384,2022-11-13,8,22321.1,0,161,0.39
10588,5564,2021-05-13,5,74563.65,0,144,0.14
10589,5506,2021-04-04,9,15868.71,1,189,0.25
10590,5367,2022-06-04,14,69817.9,0,156,0.25
10591,5144,2021-01-17,6,68905.88,0,79,0.39
10592,5069,2022-03-15,11,63572.36,0,153,0.58
10593,5099,2021-07-11,9,29569.87,0,160,0.29
10594,5396,2021-11-11,9,109915.56,0,151,0.3
10595,5025,2022-12-07,8,39893.76,1,152,0.52
10596,5469,2023-05-07,14,26886.68,0,167,0.41
10597,5484,2021-03-07,10,86870.62,1,176,0.04
10598,5565,2022-05-02,9,139701.75,0,165,0.38
10599,5151,2023-03-15,9,34453.29,0,145,0.24
10600,5144,2021-03-17,11,18099.11,0,151,0.13
10601,5569,2023-01-21,7,22829.09,0,126,0.27
10602,5039,2021-11-22,7,51976.19,0,149,0.12
10603,5109,2021-10-21,8,71879.15,0,179,0.2
10604,5693,2023-06-09,7,32310.74,0,107,0.11
10605,5042,2021-07-02,5,47028.64,0,156,0.18
10606,5186,2022-09-23,10,10263.99,0,118,0.35
10607,5398,2023-01-18,9,40612.13,0,214,0.18
10608,5223,2021-02-07,9,19341.52,0,154,0.19
10609,5634,2022-09-03,6,45480.58,1,133,0.18
10610,5133,2023-05-16,5,25803.44,0,166,0.37
10611,5163,2021-04-24,12,56909.48,0,160,0.15
10612,5215,2023-03-27,5,44350.68,0,123,0.39
10613,5733,2022-06-26,12,19819.72,1,90,0.22
10614,5235,2022-07-16,7,17071.36,0,142,0.13
10615,5658,2022-07-12,8,27639.6,0,115,0.31
10616,5588,2021-09-29,9,127291.31,0,146,0.27
10617,5009,2023-05-02,5,75098.05,0,107,0.27
10618,5074,2023-05-13,8,73129.42,0,159,0.17
10619,5492,2022-07-24,11,21378.4,0,93,0.21
10620,5253,2022-12-14,6,70536.47,0,90,0.2
10621,5230,2022-07-12,8,62090.28,0,89,0.65
10622,5519,2022-03-17,8,11677.99,0,119,0.14
10623,5174,2022-08-25,8,62665.08,0,120,0.12
10624,5653,2022-05-19,9,65322.63,0,154,0.18
10625,5168,2022-06-28,11,18175.27,0,187,0.27
10626,5170,2022-12-15,8,73857.61,1,183,0.26
10627,5393,2022-03-14,8,88113.31,0,137,0.64
10628,5634,2021-02-07,7,15307.66,0,178,0.13
10629,5194,2021-05-30,7,5343.03,0,174,0.48
10630,5517,2022-02-04,4,54025.06,1,168,0.19
10631,5029,2022-10-22,6,51403.18,0,147,0.55
10632,5165,2022-06-24,10,67007.77,0,110,0.41
10633,5422,2022-08-15,7,36453.99,0,122,0.42
10634,5339,2022-03-13,11,51730.26,0,126,0.41
10635,5648,2022-07-15,11,59666.66,0,173,0.28
10636,5496,2021-10-27,7,39623.3,0,115,0.24
10637,5365,2022-03-04,12,75852.78,0,85,0.14
10638,5342,2022-11-09,13,68006.17,0,157,0.35
10639,5500,2023-03-05,7,55918.14,0,233,0.14
10640,5657,2022-01-30,7,133037.41,0,115,0.23
10641,5511,2021-02-09,10,69130.77,0,160,0.09
10642,5327,2021-05-28,8,44585.64,0,167,0.2
10643,5217,2021-01-19,6,16252.41,0,151,0.22
10644,5301,2022-08-18,7,73522.74,0,140,0.12
10645,5132,2021-10-30,9,30423.58,0,149,0.09
10646,5070,2022-05-09,1,38860.25,0,185,0.28
10647,5252,2022-03-25,6,199822.13,0,115,0.18
10648,5415,2021-03-16,10,19431.66,0,119,0.12
10649,5445,2022-01-02,7,79761.23,0,83,0.07
10650,5182,2021-07-20,7,48903.35,0,89,0.14
10651,5167,2022-01-16,9,43015.36,0,210,0.2
10652,5091,2021-07-05,5,17245.58,1,62,0.3
10653,5714,2023-02-04,11,54294.93,0,154,0.22
10654,5531,2021-06-08,11,27091.76,0,144,0.19
10655,5039,2023-05-25,10,112497.72,0,121,0.57
10656,5126,2022-01-14,10,38130.92,0,158,0.28
10657,5451,2023-02-10,10,58142.49,0,237,0.14
10658,5173,2022-07-27,10,104781.98,0,170,0.09
10659,5653,2022-11-01,6,35893.36,1,164,0.52
10660,5220,2022-11-30,5,33391.27,0,87,0.18
10661,5638,2022-04-05,13,8853.44,0,192,0.12
10662,5058,2022-05-10,9,44638.95,4,203,0.43
10663,5660,2022-04-13,9,19549.29,0,199,0.28
10664,5476,2022-06-20,10,18838.74,0,145,0.26
10665,5456,2021-01-27,8,19049.9,0,119,0.36
10666,5361,2021-12-26,8,17112.19,1,196,0.26
10667,5001,2022-07-06,8,17987.84,0,111,0.18
10668,5387,2022-06-28,6,40159.4,0,187,0.41
10669,5348,2022-12-23,10,28068.14,0,171,0.05
10670,5190,2022-08-20,3,12481.78,0,82,0.4
10671,5505,2023-06-22,9,116710.36,0,127,0.07
10672,5191,2021-09-16,12,21893.87,0,169,0.37
10673,5508,2021-11-23,6,75183.03,0,143,0.39
10674,5369,2021-12-16,10,26768.18,0,183,0.25
10675,5409,2022-02-28,10,25919.82,0,188,0.23
10676,5117,2023-01-31,7,6047.7,0,72,0.48
10677,5134,2021-08-03,10,154457.95,2,99,0.4
10678,5058,2022-12-08,5,22363.27,0,121,0.36
10679,5556,2022-01-04,11,55863.51,0,114,0.19
10680,5685,2022-07-02,9,158226.38,0,140,0.23
10681,5672,2022-07-30,9,59908.75,2,128,0.31
10682,5173,2021-12-06,8,75468.22,0,231,0.38
10683,5149,2022-04-12,9,48385.74,0,147,0.35
10684,5080,2022-01-11,5,12121.71,2,108,0.41
10685,5213,2021-03-04,10,32231.21,0,211,0.24
10686,5203,2022-02-02,9,28566.94,0,135,0.06
10687,5229,2021-03-30,6,10823.94,0,119,0.52
10688,5676,2022-01-04,10,52605.94,0,165,0.35
10689,5227,2022-06-24,5,22223.15,0,96,0.26
10690,5659,2022-06-12,9,108752.94,0,121,0.57
10691,5532,2022-08-26,7,107811.47,0,78,0.67
10692,5441,2021-03-28,5,81669.35,0,156,0.42
10693,5402,2022-08-17,11,86140.25,0,183,0.28
10694,5047,2021-10-12,8,32119.31,1,85,0.38
10695,5233,2021-12-30,6,98901.72,1,134,0.65
10696,5305,2023-02-20,11,162387.36,0,197,0.13
10697,5526,2021-01-09,8,60873.42,0,141,0.43
10698,5143,2022-06-20,6,54990.45,0,138,0.4
10699,5415,2022-06-29,9,57405.38,0,104,0.4
10700,5513,2021-12-27,4,55707.96,0,157,0.2
10701,5373,2021-08-04,8,22398.35,0,125,0.49
10702,5566,2021-08-02,9,35180.47,0,119,0.59
10703,5259,2023-03-16,12,208406.16,0,126,0.05
10704,5656,2022-02-07,11,13604.63,0,146,0.38
10705,5471,2021-10-29,8,114976.14,0,174,0.17
10706,5012,2022-02-13,5,25630.72,1,155,0.18
10707,5330,2022-09-02,8,59742.15,0,212,0.21
10708,5736,2021-05-13,8,83227.34,0,182,0.07
10709,5358,2022-02-13,7,73080.04,0,127,0.37
10710,5408,2022-06-19,9,74533.93,0,129,0.13
10711,5668,2023-05-14,12,79503.88,0,178,0.2
10712,5373,2021-08-18,4,158933.76,0,131,0.48
10713,5008,2021-11-23,10,22354.78,0,180,0.15
10714,5122,2021-12-12,8,61765.04,0,98,0.33
10715,5348,2022-07-06,7,356457.41,0,141,0.19
10716,5676,2021-11-21,10,9848.67,2,105,0.32
10717,5090,2022-05-01,12,82196.39,0,157,0.17
10718,5648,2022-12-13,6,43524.74,0,141,0.48
10719,5698,2022-10-04,11,46828.71,0,134,0.56
10720,5316,2022-02-11,5,51670.7,0,124,0.25
10721,5178,2023-02-26,8,268394.21,0,150,0.3
10722,5540,2022-05-23,4,17777.19,0,192,0.08
10723,5732,2022-05-07,8,85474.32,0,135,0.53
10724,5041,2021-02-01,6,27324.31,0,166,0.3
10725,5740,2023-06-17,8,47007.76,0,89,0.14
10726,5704,2021-04-22,6,68740.9,0,162,0.23
10727,5502,2021-07-30,10,54274.05,0,164,0.21
10728,5145,2021-02-17,9,24449.83,0,180,0.26
10729,5201,2022-08-06,9,33991.1,0,84,0.33
10730,5724,2021-07-24,11,31195.28,0,190,0.29
10731,5461,2021-06-13,1,103041.66,1,89,0.36
10732,5732,2021-03-22,9,112477.46,0,125,0.19
10733,5558,2021-04-05,7,23328.9,0,127,0.36
10734,5547,2022-06-17,5,46455.53,0,139,0.15
10735,5253,2022-09-19,9,44468.54,1,134,0.3
10736,5390,2021-12-28,12,90209.9,0,188,0.34
10737,5594,2022-03-13,6,25580.82,0,151,0.51
10738,5256,2022-09-17,7,228311.54,0,153,0.36
10739,5709,2021-01-16,12,76991.49,0,94,0.28
10740,5450,2021-10-22,8,35690.12,0,128,0.19
10741,5010,2023-06-05,13,40755.36,0,160,0.11
10742,5242,2022-06-12,5,23716.14,0,141,0.04
10743,5251,2021-08-20,12,66153.7,0,136,0.11
10744,5005,2022-04-20,6,37323.55,1,208,0.2
10745,5119,2021-11-08,6,235624.23,6,137,0.23
10746,5374,2022-04-30,10,21848.3,0,156,0.22
10747,5065,2021-04-25,3,18703.33,0,97,0.4
10748,5146,2021-05-01,13,15832.29,0,188,0.32
10749,5224,2021-05-11,5,33924.77,0,96,0.37
10750,5239,2023-05-06,7,31331.52,0,127,0.3
10751,5177,2022-10-29,7,130256.94,0,182,0.04
10752,5282,2021-05-28,9,53116.34,1,158,0.37
10753,5063,2021-06-21,6,172231.16,0,139,0.28
10754,5217,2022-10-28,5,16158.76,0,166,0.47
10755,5689,2021-05-23,9,47898.28,0,149,0.21
10756,5461,2021-08-02,9,113624.63,0,163,0.18
10757,5610,2023-05-27,11,150944.72,0,161,0.09
10758,5105,2021-08-21,5,61935.5,1,160,0.66
10759,5099,2022-08-26,9,15655.12,0,73,0.19
10760,5511,2023-06-10,9,41595.4,0,111,0.16
10761,5385,2021-12-07,10,129966.69,1,160,0.31
10762,5405,2021-01-16,8,22698.01,0,172,0.2
10763,5518,2021-08-11,10,197970.43,0,167,0.3
10764,5476,2023-01-27,7,16590.04,0,101,0.4
10765,5709,2023-02-26,8,151415.95,0,171,0.17
10766,5645,2022-12-01,9,18351.06,1,126,0.22
10767,5437,2021-04-13,10,48228.01,0,127,0.4
10768,5023,2022-12-25,13,184089.14,0,103,0.45
10769,5565,2023-04-16,5,42952.44,0,190,0.28
10770,5677,2022-07-01,10,43566.73,0,141,0.2
10771,5714,2023-05-07,9,38566.35,0,131,0.23
10772,5458,2023-01-23,6,119514.52,1,93,0.3
10773,5083,2022-08-30,8,101425.24,0,220,0.24
10774,5145,2022-06-10,7,55658.64,0,100,0.65
10775,5085,2021-11-14,8,29004.29,0,213,0.37
10776,5078,2021-05-25,7,22068.37,0,122,0.32
10777,5457,2022-07-05,7,37922.31,0,204,0.18
10778,5001,2021-10-17,9,15658.3,0,125,0.45
10779,5051,2023-02-28,6,98203.38,1,144,0.42
10780,5685,2023-06-23,4,25280.58,2,156,0.27
10781,5717,2022-11-16,6,55470.01,0,133,0.28
10782,5446,2021-03-24,7,161702.63,1,147,0.22
10783,5449,2021-09-20,8,9860.25,0,103,0.53
10784,5488,2021-04-10,4,48156.14,0,170,0.19
10785,5034,2022-08-15,10,20266.97,0,105,0.22
10786,5348,2022-11-28,6,107389.34,0,144,0.24
10787,5095,2023-04-23,9,14109.0,0,88,0.39
10788,5072,2022-02-03,9,81917.54,3,111,0.36
10789,5551,2023-04-01,9,51630.34,0,168,0.19
10790,5154,2023-03-10,10,61024.62,0,144,0.48
10791,5250,2021-10-16,9,102898.34,0,109,0.26
10792,5674,2023-03-02,6,30960.64,2,62,0.45
10793,5438,2021-12-08,9,21860.95,4,138,0.47
10794,5118,2021-09-28,10,45381.91,0,132,0.18
10795,5306,2022-08-14,6,32226.03,0,78,0.38
10796,5268,2021-10-26,4,50606.77,0,131,0.24
10797,5054,2022-07-28,10,37065.84,0,215,0.24
10798,5236,2022-07-09,6,113867.94,0,147,0.48
10799,5389,2022-05-28,8,23804.75,1,112,0.23
10800,5734,2021-12-13,7,172753.71,0,151,0.17
10801,5401,2022-05-15,5,9941.05,1,112,0.24
10802,5624,2022-06-27,7,33008.91,1,118,0.09
10803,5303,2022-05-12,9,64012.45,0,140,0.38
10804,5207,2022-02-09,7,49134.66,1,108,0.3
10805,5229,2021-01-14,9,65470.3,0,157,0.45
10806,5578,2022-06-19,10,32218.87,0,151,0.1
10807,5075,2021-06-03,12,71616.63,0,164,0.24
10808,5435,2022-08-08,9,35858.48,0,182,0.08
10809,5103,2022-11-23,6,42144.22,0,151,0.2
10810,5422,2022-04-01,9,54546.74,1,139,0.33
10811,5704,2022-05-09,7,104276.77,0,168,0.13
10812,5738,2023-05-16,9,47756.98,0,157,0.05
10813,5306,2023-02-10,12,74166.88,0,160,0.14
10814,5098,2023-04-12,9,30935.5,0,149,0.22
10815,5335,2023-01-11,9,125118.94,0,113,0.2
10816,5435,2021-04-10,8,96969.39,0,164,0.23
10817,5447,2021-05-16,7,13576.96,0,132,0.07
10818,5308,2022-04-25,6,56736.82,0,145,0.38
10819,5249,2021-08-12,6,68735.99,0,106,0.34
10820,5166,2022-03-10,7,43169.25,0,158,0.45
10821,5481,2021-12-25,5,75302.25,0,204,0.19
10822,5335,2022-05-15,8,40299.03,1,123,0.32
10823,5542,2022-11-11,7,7904.9,1,60,0.53
10824,5106,2022-10-14,5,9773.22,0,172,0.05
10825,5563,2022-04-20,8,77619.73,0,139,0.46
10826,5081,2023-01-19,8,114281.88,0,71,0.09
10827,5133,2022-01-28,6,74930.54,0,42,0.19
10828,5138,2023-03-28,7,38031.42,0,199,0.44
10829,5184,2021-03-06,9,20365.54,0,108,0.64
10830,5401,2023-05-19,8,31477.53,0,115,0.06
10831,5330,2022-08-19,4,12522.86,0,208,0.19
10832,5508,2021-12-12,9,77807.41,0,202,0.1
10833,5069,2021-06-29,8,13679.41,2,144,0.27
10834,5546,2022-03-13,11,186202.74,0,127,0.25
10835,5053,2021-06-27,8,35630.26,0,157,0.07
10836,5450,2021-06-01,9,236601.03,2,188,0.28
10837,5205,2022-07-16,7,385203.99,0,118,0.17
10838,5126,2022-04-22,9,27157.08,0,157,0.11
10839,5747,2022-09-02,4,146162.1,0,161,0.49
10840,5043,2023-04-26,9,45171.89,0,149,0.19
10841,5111,2022-04-30,7,28161.38,0,182,0.39
10842,5663,2022-06-13,11,76346.18,1,109,0.3
10843,5183,2021-03-23,7,31841.11,0,132,0.35
10844,5095,2022-10-16,6,33319.31,0,183,0.32
10845,5374,2021-12-30,7,117011.74,0,182,0.13
10846,5520,2023-06-08,10,26743.07,0,163,0.18
10847,5360,2023-01-20,10,102585.09,0,108,0.19
10848,5696,2022-04-21,7,39095.89,0,146,0.5
10849,5281,2021-04-23,6,11425.16,0,98,0.63
10850,5195,2023-02-22,8,20317.96,1,132,0.37
10851,5195,2022-12-29,9,17438.71,0,133,0.73
10852,5667,2021-06-17,5,44123.13,0,78,0.24
10853,5093,2021-09-26,6,28880.97,0,168,0.25
10854,5672,2022-12-24,9,62983.58,0,141,0.23
10855,5061,2021-06-18,5,53178.12,1,151,0.38
10856,5634,2023-04-16,9,23701.06,0,174,0.5
10857,5051,2022-01-22,9,53632.94,0,171,0.19
10858,5403,2021-03-21,7,28762.08,0,144,0.3
10859,5005,2023-01-13,13,63979.01,0,144,0.14
10860,5466,2021-12-06,5,36137.2,0,102,0.32
10861,5604,2022-04-25,6,57363.29,1,179,0.23
10862,5682,2021-04-13,9,7568.18,0,125,0.15
10863,5534,2021-01-03,7,20740.33,0,161,0.16
10864,5405,2022-08-04,5,106602.8,0,117,0.32
10865,5513,2022-04-14,11,17510.81,1,74,0.36
10866,5645,2022-06-25,8,87512.9,0,107,0.36
10867,5233,2022-12-24,5,95771.01,0,219,0.26
10868,5524,2022-08-12,10,70014.79,0,241,0.21
10869,5346,2021-06-09,9,20141.19,0,160,0.21
10870,5046,2021-11-25,6,32461.65,0,169,0.47
10871,5546,2023-04-05,10,35818.3,0,125,0.43
10872,5078,2022-12-02,7,49126.38,0,172,0.26
10873,5730,2022-05-22,7,13057.7,0,166,0.05
10874,5073,2021-08-21,13,16927.75,0,109,0.18
10875,5249,2021-10-02,9,12556.44,0,124,0.33
10876,5047,2022-10-29,9,27247.95,0,135,0.41
10877,5121,2023-02-14,10,28318.84,0,141,0.19
10878,5214,2022-09-03,6,153108.37,0,182,0.45
10879,5239,2023-01-07,9,3673.2,0,85,0.1
10880,5056,2022-11-29,9,16383.89,1,138,0.33
10881,5350,2021-05-17,8,2986.96,0,251,0.42
10882,5107,2022-01-21,8,12544.67,0,144,0.55
10883,5048,2021-05-20,7,40051.73,0,128,0.16
10884,5573,2021-08-03,8,156370.88,2,124,0.2
10885,5337,2023-03-03,11,13485.57,0,153,0.15
10886,5026,2022-03-07,5,81628.65,2,84,0.54
10887,5257,2022-05-03,9,76558.63,4,126,0.11
10888,5008,2021-06-12,9,95120.31,0,163,0.11
10889,5625,2021-10-12,8,24588.12,1,92,0.37
10890,5253,2021-07-29,4,17036.33,0,181,0.2
10891,5692,2021-07-07,10,47903.28,0,159,0.13
10892,5719,2022-08-04,9,139143.86,0,186,0.19
10893,5303,2021-08-22,9,28495.21,0,158,0.27
10894,5639,2022-07-30,8,29179.13,0,199,0.21
10895,5056,2021-02-23,9,80395.09,0,110,0.43
10896,5726,2021-05-10,7,38803.09,0,193,0.07
10897,5526,2021-09-07,6,36663.46,0,127,0.25
10898,5474,2022-06-28,9,52832.25,0,175,0.19
10899,5028,2022-09-08,5,14077.92,0,105,0.25
10900,5078,2022-02-07,10,107936.03,0,175,0.27
10901,5216,2022-02-10,5,21503.53,0,118,0.4
10902,5386,2022-10-22,10,9760.4,0,157,0.23
10903,5365,2021-01-15,8,17640.6,0,143,0.29
10904,5666,2021-11-07,9,6943.71,2,143,0.27
10905,5526,2023-01-16,9,162384.98,0,148,0.41
10906,5699,2022-07-03,7,73617.58,0,105,0.38
10907,5312,2021-11-03,6,49208.95,0,126,0.31
10908,5007,2023-04-05,7,84665.68,0,169,0.15
10909,5003,2022-12-05,10,69936.5,0,189,0.1
10910,5623,2021-08-30,10,7758.88,0,150,0.33
10911,5750,2022-08-11,8,155457.66,0,177,0.11
10912,5363,2022-06-27,11,61995.49,0,185,0.2
10913,5508,2022-01-01,7,74701.42,0,106,0.21
10914,5274,2021-11-30,7,13105.88,0,179,0.15
10915,5506,2021-11-09,6,86943.63,0,122,0.42
10916,5739,2022-07-16,10,22847.35,0,97,0.27
10917,5015,2022-02-07,5,17185.87,0,150,0.14
10918,5192,2023-01-27,9,31910.56,0,142,0.16
10919,5631,2022-09-02,9,79287.33,0,144,0.24
10920,5485,2021-03-05,10,131434.74,0,147,0.27
10921,5028,2022-08-06,8,69860.93,0,193,0.11
10922,5714,2021-09-04,3,54877.34,0,140,0.17
10923,5039,2022-06-24,8,22215.82,0,90,0.24
10924,5273,2022-09-11,8,16711.02,0,110,0.13
10925,5231,2021-07-30,9,113264.93,0,150,0.45
10926,5086,2022-02-20,6,26460.91,1,109,0.6
10927,5474,2021-06-23,8,107110.16,0,140,0.51
10928,5126,2021-02-17,8,70891.35,0,167,0.3
10929,5537,2021-12-11,10,29743.26,1,140,0.35
10930,5145,2021-11-27,8,72183.04,0,128,0.21
10931,5525,2023-06-25,9,28755.1,0,162,0.11
10932,5212,2022-02-11,8,36259.68,1,177,0.28
10933,5025,2021-10-31,7,46726.67,1,165,0.57
10934,5580,2022-06-13,7,28378.32,1,132,0.16
10935,5394,2021-03-22,8,75604.16,2,161,0.03
10936,5067,2023-05-26,14,31362.38,0,136,0.17
10937,5233,2022-08-01,11,59584.43,1,189,0.4
10938,5109,2022-11-18,8,12529.5,0,106,0.21
10939,5146,2021-06-05,4,58383.43,0,132,0.29
10940,5111,2022-01-08,6,42293.81,0,185,0.28
10941,5228,2022-01-20,8,214524.86,0,134,0.2
10942,5111,2023-01-18,9,23039.58,1,130,0.45
10943,5470,2021-01-02,6,39895.01,0,161,0.52
10944,5034,2021-10-01,3,70815.48,0,184,0.25
10945,5623,2023-06-12,8,40431.76,0,145,0.23
10946,5369,2022-03-09,11,62648.31,0,110,0.4
10947,5748,2021-12-15,6,14234.32,0,124,0.29
10948,5595,2021-04-20,4,17862.51,0,235,0.21
10949,5554,2023-06-06,3,51604.34,2,179,0.18
10950,5425,2021-01-19,10,33243.14,0,124,0.28
10951,5613,2022-11-02,8,133608.45,0,142,0.22
10952,5518,2022-12-01,9,65516.26,0,132,0.14
10953,5692,2021-08-10,8,108216.38,0,74,0.33
10954,5282,2022-09-04,10,112551.13,0,195,0.23
10955,5320,2021-03-26,9,74314.59,0,122,0.36
10956,5738,2021-08-22,7,24292.62,1,165,0.28
10957,5443,2022-12-18,4,32355.54,0,131,0.45
10958,5315,2023-02-26,8,29836.82,0,119,0.35
10959,5741,2022-07-08,6,79219.37,0,166,0.4
10960,5377,2022-04-07,12,36395.15,0,195,0.13
10961,5289,2021-05-25,4,40509.87,1,158,0.28
10962,5437,2021-02-27,9,51362.53,0,160,0.41
10963,5662,2021-04-18,8,15851.64,0,180,0.43
10964,5277,2021-07-26,7,67770.73,0,144,0.17
10965,5710,2021-11-07,7,59421.48,0,98,0.46
10966,5582,2021-12-13,8,46621.79,0,189,0.51
10967,5503,2021-11-12,7,47804.85,0,88,0.31
10968,5624,2021-08-06,8,35825.32,0,150,0.15
10969,5516,2022-04-09,6,38543.96,0,166,0.16
10970,5350,2023-01-22,11,11819.16,0,193,0.22
10971,5446,2021-09-12,10,26143.17,0,136,0.28
10972,5350,2023-05-08,7,98182.92,0,159,0.16
10973,5607,2023-03-06,7,59783.83,0,194,0.24
10974,5664,2021-05-28,9,27723.7,1,159,0.18
10975,5137,2022-12-17,9,46904.43,0,100,0.24
10976,5243,2022-06-07,9,22305.69,2,134,0.47
10977,5543,2022-05-31,12,101874.35,0,177,0.31
10978,5040,2021-12-22,8,91233.77,0,185,0.4
10979,5229,2022-04-02,5,56363.94,0,142,0.16
10980,5548,2021-12-28,7,53962.2,0,165,0.57
10981,5223,2022-05-07,8,98940.9,0,177,0.16
10982,5006,2022-07-26,9,4166.93,2,111,0.16
10983,5322,2022-09-06,7,67880.43,0,114,0.18
10984,5468,2022-04-30,9,68408.92,0,102,0.16
10985,5732,2022-10-19,7,43604.55,0,189,0.28
10986,5075,2021-05-09,7,138255.9,0,173,0.2
10987,5004,2021-07-12,4,37199.09,0,153,0.14
10988,5646,2023-01-16,7,5455.47,1,155,0.22
10989,5118,2021-10-21,9,41349.17,0,152,0.2
10990,5606,2021-01-21,7,44677.57,0,175,0.06
10991,5504,2021-05-20,8,27644.37,0,68,0.4
10992,5574,2021-07-23,7,46229.91,0,116,0.22
10993,5441,2023-05-22,6,69921.22,1,113,0.22
10994,5194,2022-06-06,6,14095.87,0,166,0.2
10995,5715,2023-04-29,7,17910.88,1,152,0.15
10996,5392,2022-06-08,8,54126.47,0,183,0.1
10997,5026,2022-03-13,10,71840.39,0,159,0.24
10998,5435,2021-10-13,11,43460.61,0,185,0.45
10999,5173,2022-07-06,8,19141.97,1,147,0.09
11000,5300,2021-05-07,10,50299.53,0,87,0.39
