app_id,customer_id,app_date,product_type,loan_amount,interest_rate,tenure_months,employment_type,annual_income,region,bureau_score,dti_ratio,num_existing_loans,approved_flag
10001,5103,2021-07-06,Mortgage,105900.0,6.7,60,Self-Employed,76800.0,North,,0.22,1,0
10002,5436,2023-05-31,Auto Loan,96600.0,12.5,24,Self-Employed,31000.0,West,707.0,0.11,3,1
10003,5271,2022-10-09,Personal Loan,32000.0,16.5,36,Self-Employed,180000.0,North,775.0,0.18,0,1
10004,5107,2021-07-01,Mortgage,203200.0,7.8,60,Salaried,64700.0,West,676.0,0.3,2,0
10005,5072,2022-11-01,Auto Loan,76600.0,12.5,36,Salaried,77600.0,South,670.0,0.28,3,1
10006,5701,2022-04-28,Auto Loan,69400.0,14.5,36,Self-Employed,149200.0,West,,0.16,3,0
10007,5021,2022-10-06,Personal Loan,34400.0,10.5,12,Self-Employed,20000.0,East,639.0,0.28,2,0
10008,5615,2022-11-30,Credit Card,77400.0,17.2,12,Self-Employed,114000.0,North,850.0,0.09,2,1
10009,5122,2021-03-21,Credit Card,48200.0,18.4,12,Retired,26800.0,West,744.0,0.18,2,1
10010,5467,2022-04-06,Personal Loan,28400.0,19.0,60,Self-Employed,47100.0,North,594.0,0.29,0,0
10011,5215,2023-04-29,Personal Loan,23600.0,19.6,48,Salaried,74500.0,South,850.0,0.26,3,1
10012,5331,2021-10-19,Auto Loan,44900.0,10.6,24,Self-Employed,56700.0,North,647.0,0.27,1,0
10013,5459,2022-06-25,Personal Loan,24800.0,17.5,12,Retired,46100.0,West,705.0,0.12,0,1
10014,5088,2021-12-02,Credit Card,41300.0,19.3,12,Self-Employed,71100.0,Central,755.0,0.42,2,1
10015,5373,2022-02-18,Mortgage,174200.0,9.5,60,Self-Employed,82300.0,East,556.0,0.12,4,0
10016,5100,2022-05-15,Mortgage,92700.0,8.0,60,Self-Employed,51900.0,East,613.0,0.14,1,1
10017,5664,2022-05-15,Personal Loan,28700.0,12.2,60,Salaried,35200.0,West,811.0,0.12,0,0
10018,5131,2021-07-03,Mortgage,63300.0,8.1,60,Salaried,41400.0,North,662.0,0.34,0,1
10019,5662,2022-09-15,Personal Loan,25300.0,15.6,12,Salaried,56900.0,Central,759.0,0.14,1,0
10020,5309,2021-03-21,Personal Loan,67600.0,10.3,60,Retired,75700.0,North,643.0,0.16,2,0
10021,5344,2021-05-07,Credit Card,26200.0,23.1,12,Self-Employed,204900.0,Central,672.0,0.22,1,1
10022,5492,2021-01-03,Credit Card,66000.0,15.6,12,Salaried,43200.0,West,822.0,0.17,4,1
10023,5414,2021-04-17,Credit Card,59200.0,16.2,12,Retired,37200.0,West,715.0,0.17,3,1
10024,5386,2022-03-07,Credit Card,59000.0,19.2,12,Salaried,51900.0,East,652.0,0.24,3,0
10025,5192,2022-07-06,Personal Loan,24100.0,17.1,48,Salaried,63900.0,South,625.0,0.33,2,1
10026,5277,2022-12-24,Personal Loan,48800.0,11.0,60,Self-Employed,87700.0,East,,0.13,1,1
10027,5161,2021-04-08,Credit Card,88500.0,17.2,12,Self-Employed,105800.0,North,779.0,0.34,1,1
10028,5460,2023-02-14,Auto Loan,132800.0,14.7,24,Salaried,20000.0,East,741.0,0.24,2,1
10029,5314,2022-11-10,Credit Card,69200.0,16.6,12,Salaried,71900.0,East,588.0,0.13,0,1
10030,5022,2022-01-07,Personal Loan,68300.0,13.1,48,Salaried,49000.0,Central,686.0,0.07,3,1
10031,5253,2023-04-29,Credit Card,62600.0,22.4,12,Salaried,42100.0,East,674.0,0.26,1,0
10032,5748,2023-06-21,Personal Loan,39700.0,10.5,36,Salaried,89100.0,North,705.0,0.07,1,1
10033,5561,2021-07-06,Personal Loan,22800.0,14.6,24,Salaried,124700.0,South,631.0,0.2,1,1
10034,5475,2021-12-12,Auto Loan,45900.0,10.0,36,Salaried,84500.0,East,767.0,0.06,1,1
10035,5059,2023-04-24,Personal Loan,42400.0,13.2,36,Salaried,46200.0,North,679.0,0.34,5,1
10036,5511,2022-10-19,Personal Loan,39100.0,12.9,12,Salaried,35000.0,South,709.0,0.33,1,0
10037,5682,2021-02-13,Auto Loan,46700.0,7.7,24,Salaried,20000.0,West,617.0,0.18,4,1
10038,5476,2022-12-13,Credit Card,10700.0,17.1,12,Self-Employed,83100.0,East,621.0,0.12,2,1
10039,5700,2023-01-24,Credit Card,68800.0,14.4,12,Self-Employed,109700.0,East,850.0,0.18,4,1
10040,5190,2022-11-14,Personal Loan,121000.0,17.8,36,Salaried,56900.0,South,824.0,0.13,2,0
10041,5687,2022-12-29,Personal Loan,39200.0,14.0,36,Salaried,95500.0,West,674.0,0.38,5,0
10042,5563,2023-01-21,Personal Loan,36800.0,14.4,60,Salaried,30900.0,South,802.0,0.17,1,1
10043,5567,2021-06-19,Personal Loan,39900.0,18.9,36,Salaried,55000.0,West,777.0,0.46,2,1
10044,5244,2021-08-03,Auto Loan,31700.0,12.3,24,Salaried,52800.0,North,629.0,0.21,0,1
10045,5505,2022-07-31,Auto Loan,100400.0,7.1,60,Salaried,56700.0,Central,622.0,0.19,2,0
10046,5131,2023-04-07,Auto Loan,102700.0,14.5,60,Salaried,107400.0,South,733.0,0.19,2,1
10047,5485,2021-10-15,Auto Loan,107800.0,8.9,24,Self-Employed,68000.0,South,700.0,0.21,2,0
10048,5647,2022-06-20,Credit Card,24500.0,15.1,12,Salaried,51700.0,East,647.0,0.08,1,0
10049,5021,2022-09-14,Auto Loan,68200.0,13.1,24,Salaried,37500.0,East,737.0,0.23,0,0
10050,5167,2022-02-16,Credit Card,73900.0,19.0,12,Self-Employed,185400.0,North,564.0,0.15,3,1
10051,5274,2022-10-12,Credit Card,63900.0,18.3,12,Salaried,29300.0,West,689.0,0.4,2,1
10052,5388,2023-03-30,Credit Card,90100.0,16.5,12,Salaried,45400.0,South,580.0,0.12,0,0
10053,5601,2022-07-22,Personal Loan,28800.0,15.5,36,Salaried,139700.0,Central,583.0,0.19,5,1
10054,5316,2022-05-07,Credit Card,31200.0,16.7,12,Salaried,75700.0,West,623.0,0.23,6,1
10055,5014,2022-02-04,Mortgage,250800.0,11.5,60,Self-Employed,72100.0,South,709.0,0.19,4,1
10056,5242,2022-06-10,Personal Loan,36700.0,12.2,12,Salaried,60500.0,West,625.0,0.26,4,1
10057,5346,2021-11-20,Personal Loan,43900.0,18.8,12,Salaried,37300.0,South,582.0,0.18,0,1
10058,5565,2021-12-23,Credit Card,91100.0,19.6,12,Salaried,57900.0,North,718.0,0.16,8,1
10059,5340,2022-04-29,Auto Loan,71400.0,13.6,48,Salaried,50300.0,Central,799.0,0.39,2,1
10060,5092,2021-03-02,Credit Card,81900.0,21.1,12,Self-Employed,82900.0,East,731.0,0.31,1,1
10061,5367,2021-07-28,Auto Loan,39600.0,12.6,36,Self-Employed,25500.0,South,824.0,0.13,4,1
10062,5455,2022-05-09,Personal Loan,33700.0,13.2,12,Salaried,73100.0,South,792.0,0.19,1,1
10063,5428,2022-01-28,Credit Card,73900.0,16.3,12,Salaried,99500.0,South,641.0,0.17,2,1
10064,5509,2021-10-30,Personal Loan,44700.0,12.1,36,Salaried,54100.0,Central,,0.11,0,0
10065,5035,2022-10-27,Auto Loan,45200.0,13.9,60,Self-Employed,115000.0,North,672.0,0.19,2,0
10066,5206,2022-09-24,Credit Card,70500.0,22.2,12,Salaried,69900.0,South,764.0,0.11,2,1
10067,5081,2021-06-01,Personal Loan,37500.0,14.4,24,Salaried,44200.0,South,672.0,0.23,2,0
10068,5562,2023-03-11,Personal Loan,45500.0,11.3,36,Salaried,35300.0,South,,0.26,0,1
10069,5388,2022-03-27,Personal Loan,40100.0,13.8,36,Salaried,37800.0,South,789.0,0.25,2,1
10070,5002,2022-11-06,Credit Card,52200.0,20.2,12,Salaried,69300.0,North,705.0,0.22,2,1
10071,5390,2022-06-06,Personal Loan,15600.0,14.5,36,Salaried,58200.0,North,626.0,0.31,1,1
10072,5566,2023-06-27,Credit Card,77300.0,21.8,12,Salaried,113300.0,South,640.0,0.27,5,1
10073,5106,2022-11-16,Credit Card,38700.0,24.0,12,Salaried,88900.0,Central,626.0,0.35,2,1
10074,5477,2022-10-06,Personal Loan,25300.0,11.9,24,Salaried,88800.0,North,599.0,0.36,4,0
10075,5703,2022-12-10,Personal Loan,50400.0,14.6,60,Self-Employed,87900.0,West,641.0,0.1,0,1
10076,5402,2021-05-11,Personal Loan,39800.0,14.3,24,Salaried,37000.0,West,709.0,0.23,1,1
10077,5730,2021-07-06,Mortgage,187400.0,8.2,60,Salaried,70500.0,West,685.0,0.18,1,0
10078,5556,2022-10-12,Personal Loan,79600.0,12.0,48,Self-Employed,76500.0,Central,644.0,0.13,2,0
10079,5162,2022-03-26,Auto Loan,55900.0,7.5,60,Salaried,33900.0,South,799.0,0.2,0,1
10080,5202,2022-11-18,Auto Loan,35400.0,14.1,48,Self-Employed,170600.0,North,519.0,0.29,2,0
10081,5270,2021-04-04,Credit Card,58300.0,18.2,12,Self-Employed,158200.0,South,704.0,0.1,1,1
10082,5271,2022-05-04,Mortgage,158100.0,9.2,60,Salaried,33800.0,South,668.0,0.39,1,0
10083,5456,2021-12-11,Credit Card,90300.0,23.2,12,Retired,28100.0,West,602.0,0.25,2,1
10084,5462,2022-02-20,Mortgage,285400.0,10.8,60,Salaried,45500.0,East,709.0,0.21,6,1
10085,5727,2022-07-04,Personal Loan,23900.0,11.3,24,Salaried,81200.0,Central,662.0,0.23,1,0
10086,5252,2022-04-03,Personal Loan,44400.0,15.7,12,Salaried,76700.0,North,779.0,0.2,3,1
10087,5702,2022-05-07,Auto Loan,60100.0,10.5,48,Salaried,61200.0,Central,749.0,0.22,3,1
10088,5296,2022-03-19,Mortgage,178500.0,10.9,60,Self-Employed,88600.0,South,,0.25,2,0
10089,5725,2022-01-08,Auto Loan,114300.0,12.8,48,Self-Employed,29700.0,South,,0.15,4,1
10090,5720,2022-12-04,Personal Loan,21000.0,16.9,12,Self-Employed,95500.0,South,791.0,0.21,6,0
10091,5749,2021-01-12,Personal Loan,41900.0,13.4,24,Retired,34900.0,West,586.0,0.07,1,1
10092,5338,2022-06-29,Mortgage,108100.0,10.9,60,Self-Employed,45500.0,South,671.0,0.41,3,1
10093,5053,2022-05-30,Personal Loan,9900.0,10.5,36,Self-Employed,25000.0,Central,642.0,0.28,3,0
10094,5217,2022-10-14,Auto Loan,58700.0,8.3,36,Salaried,60700.0,Central,728.0,0.36,2,1
10095,5188,2022-06-30,Auto Loan,60600.0,9.7,60,Salaried,71600.0,Central,726.0,0.19,1,1
10096,5380,2023-01-23,Credit Card,25800.0,14.8,12,Salaried,25600.0,North,607.0,0.06,5,1
10097,5493,2023-05-23,Credit Card,48600.0,16.3,12,Self-Employed,74100.0,Central,732.0,0.11,3,0
10098,5041,2021-11-08,Credit Card,92300.0,22.3,12,Salaried,63600.0,West,649.0,0.4,0,1
10099,5157,2021-07-26,Personal Loan,49600.0,19.5,36,Salaried,45400.0,North,614.0,0.12,0,1
10100,5015,2022-01-21,Mortgage,126400.0,8.2,60,Salaried,72400.0,North,679.0,0.59,5,1
10101,5065,2021-09-20,Credit Card,6200.0,16.6,12,Salaried,56000.0,North,561.0,0.35,0,1
10102,5521,2022-07-14,Mortgage,122200.0,8.0,60,Salaried,69000.0,North,754.0,0.12,3,1
10103,5344,2023-04-10,Personal Loan,24100.0,12.8,60,Salaried,78200.0,East,675.0,0.17,1,0
10104,5129,2021-05-07,Mortgage,314400.0,6.7,60,Self-Employed,106300.0,Central,677.0,0.13,0,0
10105,5648,2021-04-02,Credit Card,71300.0,23.3,12,Salaried,99500.0,South,673.0,0.18,0,1
10106,5472,2021-08-21,Personal Loan,47200.0,12.1,48,Self-Employed,92700.0,East,811.0,0.18,1,1
10107,5063,2022-10-23,Personal Loan,34200.0,14.2,60,Salaried,47200.0,Central,801.0,0.22,0,0
10108,5139,2022-06-24,Auto Loan,57700.0,7.1,60,Salaried,43300.0,South,788.0,0.18,2,1
10109,5499,2021-04-04,Auto Loan,70300.0,13.9,48,Salaried,35200.0,Central,673.0,0.11,2,1
10110,5593,2023-04-17,Auto Loan,70500.0,12.8,36,Salaried,64600.0,East,590.0,0.25,1,0
10111,5392,2022-12-20,Personal Loan,47300.0,19.5,24,Salaried,115900.0,East,678.0,0.2,3,0
10112,5675,2021-01-21,Personal Loan,21400.0,17.8,60,Salaried,50000.0,South,705.0,0.34,2,1
10113,5419,2022-08-16,Credit Card,48500.0,17.1,12,Salaried,75000.0,East,745.0,0.32,2,1
10114,5289,2022-12-03,Credit Card,79200.0,16.5,12,Salaried,41100.0,North,704.0,0.11,2,1
10115,5379,2021-12-07,Credit Card,96200.0,21.0,12,Salaried,66000.0,West,597.0,0.19,2,1
10116,5490,2021-03-04,Mortgage,111900.0,8.5,60,Self-Employed,176600.0,South,,0.1,6,0
10117,5231,2021-03-12,Mortgage,215600.0,9.6,60,Self-Employed,118200.0,Central,629.0,0.09,3,1
10118,5041,2021-04-05,Mortgage,200500.0,6.5,60,Salaried,27300.0,South,723.0,0.24,1,1
10119,5028,2023-02-04,Auto Loan,94400.0,7.5,60,Retired,45600.0,North,725.0,0.23,3,1
10120,5135,2023-04-09,Credit Card,79500.0,19.4,12,Salaried,81500.0,East,735.0,0.31,1,1
10121,5201,2021-04-22,Credit Card,40800.0,19.7,12,Self-Employed,82600.0,North,704.0,0.29,0,1
10122,5033,2021-08-03,Credit Card,57400.0,21.5,12,Self-Employed,116700.0,West,515.0,0.35,2,0
10123,5048,2021-05-31,Auto Loan,68900.0,8.1,60,Self-Employed,40800.0,Central,541.0,0.22,3,0
10124,5503,2021-06-19,Personal Loan,28400.0,15.1,60,Salaried,61800.0,West,668.0,0.16,1,1
10125,5407,2023-02-02,Credit Card,53900.0,15.9,12,Salaried,104300.0,North,687.0,0.12,4,1
10126,5574,2021-10-30,Personal Loan,45900.0,10.9,60,Salaried,99700.0,East,,0.4,1,0
10127,5728,2021-10-11,Credit Card,81800.0,18.1,12,Salaried,78700.0,East,686.0,0.42,1,1
10128,5099,2021-07-26,Mortgage,106700.0,7.4,60,Salaried,38500.0,West,601.0,0.22,8,1
10129,5684,2022-07-08,Auto Loan,43200.0,8.8,24,Salaried,35600.0,North,732.0,0.2,2,1
10130,5726,2021-12-12,Personal Loan,56500.0,13.2,12,Salaried,63400.0,South,678.0,0.34,4,1
10131,5547,2022-11-09,Mortgage,146000.0,7.9,60,Salaried,65500.0,East,647.0,0.25,4,0
10132,5739,2021-07-07,Auto Loan,59700.0,7.7,48,Self-Employed,68200.0,North,550.0,0.28,5,1
10133,5613,2022-12-18,Personal Loan,49400.0,10.9,36,Self-Employed,41600.0,South,686.0,0.19,0,0
10134,5462,2022-07-04,Personal Loan,8500.0,11.9,12,Retired,43300.0,South,698.0,0.18,1,0
10135,5643,2021-04-14,Personal Loan,98700.0,10.5,36,Salaried,63300.0,West,600.0,0.09,3,0
10136,5005,2022-01-13,Personal Loan,25200.0,16.3,48,Self-Employed,89600.0,Central,739.0,0.34,2,1
10137,5218,2023-02-25,Mortgage,183700.0,8.1,60,Self-Employed,110800.0,East,732.0,0.08,2,1
10138,5503,2023-04-20,Credit Card,8100.0,16.8,12,Salaried,52200.0,South,683.0,0.16,1,1
10139,5398,2022-02-28,Mortgage,156000.0,8.3,60,Salaried,46900.0,South,680.0,0.11,1,1
10140,5393,2022-03-14,Personal Loan,25900.0,16.6,36,Retired,56600.0,Central,755.0,0.39,2,0
10141,5207,2023-04-16,Personal Loan,53700.0,18.7,60,Salaried,41000.0,Central,709.0,0.2,1,0
10142,5015,2022-06-19,Credit Card,99300.0,21.6,12,Salaried,47400.0,Central,623.0,0.38,1,0
10143,5554,2021-01-30,Personal Loan,17700.0,17.3,60,Salaried,111000.0,West,664.0,0.3,0,1
10144,5461,2023-04-11,Credit Card,41700.0,18.8,12,Salaried,45500.0,South,724.0,0.28,1,1
10145,5691,2021-08-14,Mortgage,64900.0,10.3,60,Self-Employed,68300.0,West,517.0,0.24,3,1
10146,5575,2022-06-10,Credit Card,85500.0,19.5,12,Self-Employed,54800.0,South,605.0,0.11,3,0
10147,5743,2021-05-31,Credit Card,90700.0,16.2,12,Salaried,24500.0,South,,0.22,0,1
10148,5241,2021-01-31,Personal Loan,81200.0,12.1,24,Salaried,56300.0,West,776.0,0.27,1,1
10149,5564,2021-10-11,Personal Loan,24300.0,13.0,24,Salaried,36100.0,North,761.0,0.21,2,1
10150,5096,2022-12-12,Personal Loan,52700.0,19.1,36,Salaried,68000.0,North,751.0,0.36,1,0
10151,5734,2021-09-10,Credit Card,95900.0,19.5,12,Salaried,104100.0,South,690.0,0.31,4,1
10152,5485,2021-07-20,Personal Loan,45300.0,17.3,60,Self-Employed,20000.0,South,597.0,0.2,3,0
10153,5407,2021-07-13,Credit Card,26400.0,17.5,12,Salaried,48900.0,Central,664.0,0.22,4,0
10154,5231,2022-04-14,Credit Card,46000.0,18.1,12,Salaried,75100.0,North,520.0,0.34,2,1
10155,5749,2023-06-07,Credit Card,73300.0,15.3,12,Self-Employed,20000.0,North,784.0,0.06,1,1
10156,5655,2022-02-22,Personal Loan,23600.0,11.7,36,Salaried,116800.0,North,614.0,0.24,2,1
10157,5171,2022-05-23,Personal Loan,13800.0,18.3,48,Self-Employed,95400.0,North,637.0,0.23,0,1
10158,5541,2023-02-23,Mortgage,378700.0,9.7,60,Self-Employed,156100.0,North,764.0,0.43,0,0
10159,5036,2022-05-02,Auto Loan,86700.0,9.7,24,Self-Employed,49300.0,East,550.0,0.16,0,1
10160,5525,2021-06-17,Credit Card,18700.0,22.0,12,Salaried,48000.0,South,584.0,0.2,2,1
10161,5160,2021-09-30,Personal Loan,28700.0,12.5,36,Salaried,55200.0,West,701.0,0.11,1,1
10162,5699,2021-10-10,Mortgage,252600.0,11.9,60,Salaried,174400.0,Central,721.0,0.37,1,1
10163,5243,2021-12-28,Auto Loan,56300.0,9.8,24,Salaried,115700.0,East,674.0,0.1,2,1
10164,5086,2022-01-24,Personal Loan,31000.0,13.4,24,Self-Employed,80200.0,North,,0.13,8,1
10165,5578,2022-12-29,Mortgage,282500.0,8.2,60,Self-Employed,87400.0,North,781.0,0.17,1,1
10166,5682,2021-11-14,Personal Loan,50600.0,11.2,12,Self-Employed,114100.0,Central,730.0,0.12,2,1
10167,5557,2022-03-03,Credit Card,89400.0,15.1,12,Retired,94500.0,East,720.0,0.31,0,1
10168,5574,2022-07-23,Credit Card,56700.0,20.5,12,Self-Employed,95600.0,West,742.0,0.14,5,1
10169,5646,2021-12-10,Personal Loan,47500.0,18.8,12,Salaried,61300.0,Central,655.0,0.24,1,1
10170,5028,2023-02-01,Mortgage,117200.0,10.8,60,Salaried,50500.0,Central,850.0,0.28,4,0
10171,5620,2022-06-19,Auto Loan,43600.0,8.1,36,Self-Employed,86200.0,Central,495.0,0.18,1,1
10172,5556,2021-09-25,Credit Card,33100.0,19.5,12,Salaried,44600.0,East,796.0,0.19,4,1
10173,5340,2022-10-12,Personal Loan,29300.0,11.1,48,Salaried,76700.0,South,752.0,0.22,1,1
10174,5331,2022-04-26,Personal Loan,37900.0,10.5,60,Salaried,29300.0,Central,699.0,0.28,1,1
10175,5640,2022-05-02,Personal Loan,18200.0,16.6,24,Self-Employed,60900.0,East,686.0,0.2,1,1
10176,5506,2022-03-14,Auto Loan,104200.0,11.3,48,Salaried,86400.0,North,667.0,0.39,1,0
10177,5348,2022-03-29,Personal Loan,50900.0,10.8,60,Self-Employed,94700.0,East,768.0,0.23,4,1
10178,5473,2022-11-28,Credit Card,48700.0,14.3,12,Self-Employed,52900.0,East,676.0,0.06,2,1
10179,5231,2021-04-04,Auto Loan,51700.0,14.9,60,Salaried,53300.0,Central,621.0,0.29,2,1
10180,5190,2021-11-01,Personal Loan,26200.0,10.3,24,Salaried,100500.0,East,752.0,0.1,6,1
10181,5225,2021-03-10,Auto Loan,97300.0,10.6,60,Salaried,32700.0,South,806.0,0.2,2,1
10182,5385,2022-11-17,Personal Loan,37500.0,15.0,24,Self-Employed,31500.0,Central,525.0,0.2,6,1
10183,5377,2021-09-05,Mortgage,313400.0,7.1,60,Self-Employed,38100.0,West,850.0,0.15,1,0
10184,5283,2023-03-28,Credit Card,49000.0,15.7,12,Self-Employed,72600.0,East,597.0,0.48,5,1
10185,5633,2022-04-25,Personal Loan,33400.0,13.5,36,Salaried,30400.0,South,603.0,0.26,0,1
10186,5628,2022-12-30,Personal Loan,50700.0,17.6,48,Salaried,96400.0,South,580.0,0.16,2,0
10187,5745,2023-06-10,Credit Card,56900.0,19.1,12,Salaried,37700.0,East,680.0,0.35,2,0
10188,5259,2023-02-04,Auto Loan,157800.0,12.1,60,Self-Employed,85600.0,North,,0.18,2,0
10189,5359,2023-02-28,Auto Loan,84400.0,14.9,24,Salaried,44800.0,South,587.0,0.18,2,1
10190,5710,2022-01-07,Credit Card,10800.0,21.7,12,Salaried,57900.0,West,624.0,0.21,1,1
10191,5456,2022-05-18,Personal Loan,71900.0,14.3,24,Salaried,26900.0,South,691.0,0.11,8,0
10192,5411,2021-08-20,Personal Loan,23800.0,14.5,12,Salaried,98800.0,South,698.0,0.24,6,1
10193,5649,2021-06-28,Personal Loan,27100.0,16.2,36,Salaried,37000.0,North,779.0,0.39,6,1
10194,5318,2022-04-06,Credit Card,6000.0,20.7,12,Salaried,35100.0,South,777.0,0.24,6,1
10195,5677,2022-06-26,Mortgage,121300.0,9.3,60,Salaried,196700.0,West,761.0,0.32,3,1
10196,5225,2021-11-05,Credit Card,46600.0,20.4,12,Salaried,79000.0,South,659.0,0.24,7,0
10197,5234,2022-06-03,Personal Loan,27000.0,10.2,24,Self-Employed,143400.0,North,532.0,0.43,4,0
10198,5684,2023-03-19,Credit Card,74500.0,18.3,12,Self-Employed,100800.0,East,530.0,0.24,2,0
10199,5664,2022-05-22,Auto Loan,40700.0,9.2,36,Salaried,47800.0,Central,761.0,0.2,3,1
10200,5374,2022-10-18,Auto Loan,38800.0,8.0,24,Self-Employed,29300.0,East,747.0,0.23,5,1
10201,5672,2023-01-03,Mortgage,403000.0,7.0,60,Salaried,51600.0,North,630.0,0.14,3,0
10202,5608,2023-06-19,Personal Loan,48800.0,16.0,12,Salaried,36700.0,South,564.0,0.14,2,0
10203,5472,2022-07-03,Personal Loan,73000.0,15.2,24,Self-Employed,38500.0,Central,596.0,0.19,0,1
10204,5233,2023-01-05,Mortgage,106200.0,7.9,60,Self-Employed,24100.0,North,693.0,0.27,4,1
10205,5692,2023-05-27,Auto Loan,41400.0,10.8,24,Self-Employed,79200.0,East,694.0,0.33,6,0
10206,5113,2023-05-10,Personal Loan,30400.0,14.9,36,Salaried,131500.0,South,763.0,0.31,1,1
10207,5497,2021-05-09,Auto Loan,43100.0,8.6,24,Salaried,79100.0,North,643.0,0.19,1,1
10208,5442,2022-01-05,Auto Loan,79400.0,12.2,60,Self-Employed,67900.0,West,660.0,0.46,1,1
10209,5564,2021-10-22,Credit Card,56500.0,21.8,12,Salaried,58700.0,West,770.0,0.11,2,1
10210,5268,2021-03-21,Auto Loan,44300.0,13.3,48,Salaried,20000.0,East,509.0,0.14,1,0
10211,5510,2022-07-31,Credit Card,19200.0,20.0,12,Self-Employed,54400.0,North,705.0,0.35,2,1
10212,5386,2022-11-01,Credit Card,41200.0,19.1,12,Self-Employed,26900.0,North,653.0,0.21,6,0
10213,5387,2023-02-11,Credit Card,44400.0,14.6,12,Self-Employed,80300.0,East,737.0,0.15,3,1
10214,5113,2021-04-22,Auto Loan,63200.0,9.3,36,Salaried,52600.0,East,721.0,0.23,1,1
10215,5613,2023-03-09,Auto Loan,29700.0,7.7,60,Self-Employed,39800.0,North,624.0,0.31,5,1
10216,5625,2022-08-09,Auto Loan,81600.0,14.7,60,Salaried,63300.0,North,639.0,0.13,2,0
10217,5081,2022-10-03,Personal Loan,18100.0,11.4,48,Salaried,63000.0,North,495.0,0.31,0,1
10218,5699,2023-04-09,Auto Loan,24400.0,8.2,36,Self-Employed,211700.0,Central,739.0,0.3,2,1
10219,5113,2022-07-23,Auto Loan,53200.0,14.1,60,Salaried,84400.0,West,699.0,0.3,3,1
10220,5002,2021-11-02,Auto Loan,63400.0,14.6,60,Salaried,66700.0,Central,791.0,0.24,4,1
10221,5642,2023-01-21,Auto Loan,72900.0,13.1,36,Self-Employed,37700.0,North,648.0,0.38,5,1
10222,5220,2021-11-27,Auto Loan,64100.0,7.0,24,Salaried,35000.0,Central,753.0,0.39,1,1
10223,5566,2021-02-01,Credit Card,79200.0,14.0,12,Salaried,80800.0,North,594.0,0.34,1,1
10224,5736,2023-01-26,Credit Card,72300.0,17.8,12,Salaried,54200.0,East,463.0,0.17,0,1
10225,5225,2021-11-11,Personal Loan,21400.0,11.4,36,Salaried,67800.0,West,672.0,0.28,3,1
10226,5385,2022-12-06,Credit Card,21300.0,14.2,12,Salaried,97600.0,South,634.0,0.31,3,0
10227,5403,2021-11-27,Credit Card,97400.0,18.6,12,Self-Employed,25400.0,South,595.0,0.34,2,0
10228,5638,2023-02-23,Auto Loan,37000.0,14.5,60,Self-Employed,194400.0,North,751.0,0.46,1,1
10229,5130,2021-07-19,Personal Loan,33200.0,13.2,12,Salaried,97200.0,North,776.0,0.25,6,1
10230,5053,2023-06-06,Personal Loan,31700.0,16.6,12,Self-Employed,20000.0,East,688.0,0.14,5,0
10231,5684,2022-12-11,Auto Loan,65400.0,12.2,24,Salaried,194200.0,East,665.0,0.11,1,1
10232,5730,2021-04-14,Personal Loan,32800.0,12.5,48,Salaried,70300.0,West,685.0,0.35,3,0
10233,5672,2022-05-30,Personal Loan,35100.0,16.5,36,Self-Employed,52300.0,East,627.0,0.18,2,1
10234,5710,2023-06-16,Personal Loan,50100.0,12.1,12,Salaried,77600.0,East,725.0,0.24,1,1
10235,5416,2022-03-05,Personal Loan,20800.0,11.2,24,Retired,24600.0,North,556.0,0.41,1,0
10236,5247,2021-06-15,Personal Loan,52500.0,17.0,24,Salaried,78700.0,North,594.0,0.08,1,1
10237,5439,2022-03-18,Credit Card,46400.0,15.1,12,Self-Employed,42000.0,Central,616.0,0.29,1,1
10238,5203,2022-04-12,Credit Card,57200.0,24.0,12,Salaried,164400.0,North,723.0,0.55,2,0
10239,5184,2022-11-06,Mortgage,288000.0,7.5,60,Salaried,61700.0,East,655.0,0.15,1,0
10240,5123,2022-09-28,Credit Card,34600.0,19.9,12,Salaried,82900.0,North,788.0,0.31,1,1
10241,5401,2022-01-02,Auto Loan,100400.0,10.3,60,Self-Employed,42200.0,West,744.0,0.52,2,1
10242,5294,2021-07-18,Personal Loan,6700.0,11.3,24,Salaried,90100.0,West,615.0,0.18,0,1
10243,5280,2022-08-10,Personal Loan,54000.0,10.3,36,Retired,36100.0,North,730.0,0.1,3,0
10244,5610,2022-01-19,Auto Loan,54800.0,12.0,60,Salaried,29600.0,South,647.0,0.24,2,0
10245,5198,2021-05-01,Personal Loan,41300.0,18.1,24,Salaried,53100.0,East,717.0,0.22,2,0
10246,5511,2023-03-31,Credit Card,63500.0,22.4,12,Salaried,157200.0,South,748.0,0.08,6,1
10247,5144,2022-09-22,Credit Card,85100.0,18.8,12,Self-Employed,133400.0,North,769.0,0.22,1,1
10248,5609,2022-09-14,Credit Card,14300.0,21.8,12,Self-Employed,56100.0,West,696.0,0.15,2,0
10249,5201,2023-01-19,Personal Loan,30900.0,16.7,12,Salaried,23500.0,North,808.0,0.28,1,1
10250,5124,2022-04-27,Personal Loan,37300.0,17.2,12,Self-Employed,40800.0,Central,715.0,0.22,4,0
10251,5187,2023-01-12,Credit Card,72100.0,18.9,12,Salaried,29600.0,East,690.0,0.33,4,1
10252,5326,2022-03-30,Personal Loan,156600.0,16.3,12,Self-Employed,20100.0,North,655.0,0.37,1,0
10253,5464,2021-03-03,Auto Loan,149600.0,13.4,24,Self-Employed,126700.0,East,629.0,0.15,3,1
10254,5349,2022-01-04,Auto Loan,129400.0,10.2,36,Salaried,61800.0,East,713.0,0.39,0,1
10255,5660,2022-03-29,Mortgage,66900.0,10.9,60,Salaried,146900.0,South,688.0,0.35,6,1
10256,5403,2022-10-18,Personal Loan,26200.0,15.9,48,Retired,24400.0,South,700.0,0.24,1,1
10257,5346,2021-04-07,Auto Loan,39500.0,8.3,60,Self-Employed,73000.0,South,718.0,0.22,4,1
10258,5511,2021-05-08,Credit Card,96300.0,14.2,12,Salaried,29800.0,South,700.0,0.24,1,1
10259,5147,2021-08-28,Credit Card,72900.0,17.6,12,Salaried,44500.0,North,841.0,0.25,2,1
10260,5148,2021-08-31,Personal Loan,35500.0,15.5,48,Salaried,53600.0,South,637.0,0.21,7,1
10261,5711,2022-10-29,Auto Loan,64500.0,13.7,24,Salaried,49600.0,South,714.0,0.35,4,1
10262,5489,2021-08-17,Personal Loan,40700.0,11.3,24,Self-Employed,75900.0,East,661.0,0.2,1,0
10263,5640,2022-07-31,Credit Card,69300.0,22.0,12,Self-Employed,144400.0,East,483.0,0.29,2,1
10264,5551,2022-03-26,Personal Loan,17200.0,18.6,12,Salaried,92300.0,East,664.0,0.17,1,1
10265,5338,2022-06-06,Auto Loan,89900.0,8.2,60,Salaried,40800.0,West,,0.24,2,0
10266,5641,2023-02-02,Auto Loan,60000.0,13.8,48,Salaried,59000.0,West,674.0,0.18,1,1
10267,5473,2022-01-03,Auto Loan,102900.0,14.9,60,Salaried,89100.0,East,677.0,0.18,1,0
10268,5151,2022-12-03,Personal Loan,32800.0,17.3,36,Salaried,100500.0,East,710.0,0.14,2,0
10269,5415,2022-01-20,Personal Loan,28700.0,17.8,48,Salaried,43000.0,South,637.0,0.24,1,0
10270,5298,2021-11-19,Credit Card,93900.0,23.9,12,Salaried,85300.0,Central,,0.24,2,1
10271,5611,2023-05-23,Credit Card,85800.0,20.1,12,Salaried,70700.0,North,736.0,0.13,1,1
10272,5263,2021-06-17,Personal Loan,36800.0,13.1,24,Salaried,35100.0,South,615.0,0.18,1,1
10273,5144,2021-03-24,Auto Loan,62400.0,13.7,36,Salaried,89300.0,West,532.0,0.12,3,1
10274,5346,2022-12-03,Mortgage,116800.0,9.9,60,Salaried,64600.0,North,692.0,0.18,0,1
10275,5624,2021-03-04,Auto Loan,49100.0,11.6,36,Salaried,25100.0,North,765.0,0.23,1,1
10276,5572,2023-02-01,Auto Loan,36700.0,9.0,24,Salaried,51700.0,East,735.0,0.23,2,1
10277,5002,2022-02-02,Mortgage,131000.0,10.7,60,Salaried,61100.0,East,694.0,0.27,2,0
10278,5304,2023-04-14,Personal Loan,50900.0,10.8,60,Salaried,44200.0,West,780.0,0.21,3,0
10279,5254,2022-10-19,Credit Card,45900.0,23.2,12,Self-Employed,172800.0,West,766.0,0.19,1,1
10280,5652,2022-07-10,Mortgage,152000.0,8.3,60,Retired,60200.0,North,653.0,0.07,1,1
10281,5453,2023-05-14,Personal Loan,41500.0,11.3,12,Self-Employed,56000.0,North,699.0,0.33,4,0
10282,5037,2021-12-27,Auto Loan,87500.0,10.5,24,Salaried,46800.0,East,703.0,0.27,7,1
10283,5160,2023-05-19,Credit Card,28500.0,14.4,12,Self-Employed,66700.0,South,673.0,0.19,0,0
10284,5009,2021-05-03,Credit Card,38800.0,20.8,12,Self-Employed,63600.0,East,770.0,0.27,2,1
10285,5233,2022-03-17,Auto Loan,54300.0,14.2,60,Salaried,44500.0,North,667.0,0.33,1,0
10286,5099,2021-09-03,Mortgage,119700.0,11.1,60,Salaried,20000.0,South,639.0,0.29,1,0
10287,5659,2022-05-07,Auto Loan,48800.0,8.0,36,Self-Employed,249800.0,East,472.0,0.27,1,1
10288,5208,2021-05-28,Personal Loan,40400.0,11.3,12,Salaried,59900.0,East,616.0,0.44,2,1
10289,5131,2023-02-05,Mortgage,126600.0,11.0,60,Salaried,54800.0,East,574.0,0.19,1,1
10290,5404,2023-02-10,Personal Loan,19400.0,19.2,12,Self-Employed,91800.0,South,676.0,0.29,5,0
10291,5152,2023-05-20,Credit Card,98300.0,18.6,12,Self-Employed,69100.0,South,579.0,0.29,2,1
10292,5054,2021-05-21,Credit Card,79600.0,19.0,12,Salaried,48300.0,North,728.0,0.38,1,1
10293,5120,2022-07-22,Credit Card,74700.0,17.2,12,Salaried,36200.0,North,768.0,0.14,3,1
10294,5673,2022-03-08,Credit Card,16000.0,22.9,12,Salaried,23900.0,South,677.0,0.28,0,0
10295,5628,2021-11-10,Mortgage,227700.0,10.0,60,Self-Employed,28300.0,South,601.0,0.33,2,0
10296,5587,2021-11-16,Auto Loan,78000.0,9.3,60,Salaried,34300.0,East,702.0,0.23,1,1
10297,5625,2022-01-11,Credit Card,62100.0,17.0,12,Salaried,82900.0,South,,0.27,1,1
10298,5420,2022-10-04,Personal Loan,35800.0,18.9,60,Self-Employed,121400.0,East,806.0,0.12,1,1
10299,5422,2022-06-29,Mortgage,142400.0,6.6,60,Salaried,38500.0,Central,567.0,0.41,0,0
10300,5104,2022-02-23,Mortgage,197600.0,8.3,60,Self-Employed,20000.0,South,564.0,0.18,1,1
10301,5254,2021-03-11,Auto Loan,60800.0,11.4,60,Salaried,60100.0,North,544.0,0.37,0,1
10302,5227,2021-03-12,Personal Loan,18600.0,11.5,12,Salaried,48500.0,North,589.0,0.27,7,0
10303,5112,2021-01-03,Personal Loan,40900.0,10.9,60,Self-Employed,53500.0,East,700.0,0.28,0,1
10304,5510,2023-05-31,Personal Loan,18500.0,18.2,12,Salaried,96600.0,South,635.0,0.23,1,0
10305,5473,2021-01-05,Personal Loan,43800.0,18.9,48,Salaried,64200.0,North,612.0,0.31,6,1
10306,5099,2021-04-04,Credit Card,54400.0,22.2,12,Salaried,36700.0,East,763.0,0.16,2,1
10307,5153,2021-10-14,Mortgage,177500.0,11.4,60,Self-Employed,31400.0,North,722.0,0.5,2,1
10308,5338,2023-01-05,Credit Card,54100.0,19.5,12,Retired,32700.0,East,543.0,0.14,0,0
10309,5706,2023-05-26,Personal Loan,25600.0,18.1,36,Retired,25300.0,East,758.0,0.45,3,1
10310,5163,2022-12-20,Personal Loan,52600.0,13.8,36,Salaried,57700.0,West,720.0,0.14,0,0
10311,5720,2022-09-21,Personal Loan,71900.0,16.7,24,Salaried,100000.0,North,722.0,0.46,3,1
10312,5681,2022-04-20,Personal Loan,92600.0,19.9,36,Salaried,30000.0,Central,634.0,0.06,6,1
10313,5161,2021-03-20,Personal Loan,46400.0,12.3,24,Self-Employed,77800.0,West,665.0,0.25,2,0
10314,5580,2023-05-22,Personal Loan,41900.0,13.9,36,Salaried,94600.0,North,522.0,0.23,1,1
10315,5398,2022-11-22,Auto Loan,39100.0,10.8,60,Retired,35100.0,North,749.0,0.35,2,1
10316,5277,2022-08-05,Mortgage,153500.0,7.3,60,Salaried,85900.0,South,600.0,0.08,2,1
10317,5504,2022-11-22,Credit Card,71100.0,14.8,12,Retired,32400.0,West,610.0,0.09,2,0
10318,5392,2022-10-21,Credit Card,48500.0,22.3,12,Self-Employed,82400.0,West,609.0,0.35,2,0
10319,5135,2022-08-03,Auto Loan,44800.0,14.8,48,Self-Employed,99600.0,East,824.0,0.2,3,1
10320,5195,2023-06-12,Personal Loan,38500.0,14.0,12,Salaried,45000.0,Central,626.0,0.28,2,1
10321,5401,2023-04-03,Personal Loan,23400.0,10.9,12,Salaried,162000.0,North,755.0,0.3,7,0
10322,5640,2022-08-12,Mortgage,323600.0,6.9,60,Salaried,79900.0,North,678.0,0.24,4,0
10323,5033,2022-09-23,Personal Loan,58600.0,18.9,60,Salaried,114900.0,Central,613.0,0.39,1,1
10324,5688,2021-02-16,Credit Card,40500.0,18.6,12,Salaried,102300.0,West,599.0,0.37,3,0
10325,5460,2022-09-02,Credit Card,58500.0,17.2,12,Salaried,70500.0,South,629.0,0.53,1,1
10326,5470,2021-02-10,Personal Loan,96200.0,14.8,12,Salaried,119700.0,West,674.0,0.29,3,1
10327,5375,2022-06-20,Personal Loan,27500.0,13.2,60,Self-Employed,83400.0,Central,728.0,0.32,0,1
10328,5022,2023-06-29,Auto Loan,81700.0,10.9,36,Self-Employed,43900.0,West,642.0,0.24,2,1
10329,5750,2022-05-21,Personal Loan,128300.0,18.6,60,Salaried,60300.0,West,639.0,0.22,3,1
10330,5670,2022-03-07,Personal Loan,106700.0,15.9,36,Retired,24300.0,West,609.0,0.37,1,0
10331,5038,2021-10-12,Auto Loan,40500.0,12.6,36,Salaried,20900.0,North,584.0,0.18,4,1
10332,5230,2021-04-20,Credit Card,25200.0,17.6,12,Salaried,39100.0,West,577.0,0.16,2,1
10333,5365,2022-10-28,Personal Loan,49000.0,17.4,12,Salaried,62100.0,North,759.0,0.1,1,1
10334,5563,2021-06-25,Mortgage,311800.0,10.2,60,Self-Employed,153800.0,Central,637.0,0.46,2,0
10335,5438,2021-04-15,Credit Card,40500.0,15.2,12,Salaried,39000.0,South,644.0,0.1,5,0
10336,5283,2022-01-19,Auto Loan,63400.0,11.6,48,Salaried,99200.0,East,626.0,0.52,1,1
10337,5027,2022-12-25,Auto Loan,49000.0,9.1,36,Self-Employed,31300.0,South,654.0,0.44,3,1
10338,5226,2022-11-10,Credit Card,41600.0,22.0,12,Salaried,37800.0,North,709.0,0.33,3,1
10339,5277,2021-02-19,Credit Card,93900.0,18.3,12,Self-Employed,201700.0,South,641.0,0.28,5,1
10340,5609,2022-02-19,Mortgage,231100.0,12.0,60,Retired,37000.0,Central,694.0,0.25,3,1
10341,5284,2022-04-21,Personal Loan,37600.0,10.9,60,Retired,33900.0,Central,793.0,0.3,2,1
10342,5481,2022-08-10,Auto Loan,79900.0,13.2,60,Salaried,67300.0,South,,0.3,5,0
10343,5453,2022-08-15,Personal Loan,23200.0,16.7,12,Salaried,32800.0,Central,644.0,0.18,4,1
10344,5659,2021-11-28,Personal Loan,74000.0,17.7,60,Salaried,50700.0,West,731.0,0.16,3,1
10345,5516,2022-05-26,Personal Loan,51500.0,13.1,36,Salaried,60000.0,East,799.0,0.23,0,1
10346,5547,2022-03-14,Mortgage,224800.0,9.2,60,Salaried,110800.0,North,580.0,0.33,1,0
10347,5192,2023-03-17,Mortgage,93100.0,10.9,60,Salaried,26000.0,Central,543.0,0.33,2,0
10348,5049,2022-04-28,Personal Loan,84900.0,12.3,36,Retired,73500.0,East,,0.26,2,1
10349,5512,2022-02-06,Personal Loan,36100.0,12.3,12,Retired,34500.0,Central,671.0,0.15,1,0
10350,5017,2022-01-04,Auto Loan,80100.0,11.4,24,Salaried,34400.0,West,736.0,0.21,0,1
10351,5172,2022-06-05,Credit Card,13000.0,19.2,12,Salaried,31400.0,West,723.0,0.23,2,1
10352,5220,2023-01-02,Personal Loan,30900.0,12.8,24,Salaried,68600.0,East,677.0,0.12,1,1
10353,5158,2022-05-05,Auto Loan,68900.0,9.4,48,Salaried,30500.0,South,763.0,0.2,1,0
10354,5477,2022-08-26,Credit Card,82600.0,16.8,12,Self-Employed,49400.0,South,625.0,0.24,1,1
10355,5046,2022-11-03,Mortgage,188900.0,10.7,60,Self-Employed,61400.0,South,696.0,0.26,3,0
10356,5373,2022-04-19,Personal Loan,8900.0,16.5,24,Self-Employed,162800.0,North,582.0,0.35,2,1
10357,5518,2022-01-24,Credit Card,99600.0,22.3,12,Self-Employed,149200.0,East,676.0,0.11,1,1
10358,5099,2023-03-09,Credit Card,26800.0,23.8,12,Salaried,43400.0,East,563.0,0.24,0,0
10359,5745,2022-01-15,Auto Loan,75600.0,10.8,48,Self-Employed,63000.0,Central,,0.28,2,1
10360,5037,2022-02-25,Credit Card,57000.0,14.7,12,Salaried,27000.0,North,816.0,0.32,3,1
10361,5280,2023-06-21,Credit Card,68700.0,14.5,12,Salaried,21600.0,East,534.0,0.16,3,1
10362,5349,2021-01-01,Personal Loan,22500.0,13.0,36,Salaried,32400.0,North,662.0,0.25,1,0
10363,5497,2021-06-18,Auto Loan,77700.0,14.5,24,Salaried,105000.0,North,,0.29,2,1
10364,5302,2021-12-16,Credit Card,67100.0,19.2,12,Salaried,88400.0,North,850.0,0.16,4,1
10365,5181,2023-04-29,Personal Loan,22300.0,12.7,48,Salaried,72500.0,West,694.0,0.28,1,1
10366,5607,2021-03-05,Auto Loan,28300.0,10.2,48,Retired,20300.0,North,698.0,0.13,2,1
10367,5099,2021-01-09,Personal Loan,45700.0,16.0,12,Salaried,41900.0,West,683.0,0.37,1,1
10368,5700,2021-02-17,Personal Loan,18500.0,16.5,12,Salaried,39000.0,North,764.0,0.1,0,1
10369,5116,2021-03-22,Mortgage,68900.0,7.3,60,Salaried,55100.0,Central,,0.35,0,1
10370,5191,2021-02-04,Credit Card,36600.0,23.8,12,Self-Employed,62300.0,West,,0.31,2,1
10371,5253,2022-03-13,Auto Loan,99700.0,11.4,48,Salaried,36300.0,Central,769.0,0.14,0,1
10372,5161,2022-06-13,Personal Loan,31700.0,11.4,24,Retired,41800.0,Central,643.0,0.14,0,1
10373,5256,2021-09-05,Auto Loan,85600.0,14.1,60,Self-Employed,85800.0,Central,552.0,0.25,1,0
10374,5323,2021-12-29,Personal Loan,14600.0,10.7,60,Salaried,41600.0,Central,,0.23,0,0
10375,5128,2021-03-25,Credit Card,79700.0,23.1,12,Self-Employed,90500.0,East,663.0,0.2,2,0
10376,5018,2021-11-03,Mortgage,158400.0,12.0,60,Salaried,105000.0,North,688.0,0.37,0,1
10377,5735,2022-04-21,Auto Loan,68300.0,12.6,24,Salaried,122300.0,South,756.0,0.2,1,1
10378,5566,2022-10-29,Credit Card,29100.0,21.7,12,Self-Employed,103100.0,North,731.0,0.32,3,0
10379,5570,2021-01-04,Personal Loan,10500.0,13.4,12,Salaried,75400.0,East,686.0,0.51,2,1
10380,5323,2022-03-02,Mortgage,133700.0,11.7,60,Salaried,53100.0,East,760.0,0.18,2,1
10381,5686,2021-09-28,Credit Card,24600.0,19.3,12,Salaried,100200.0,Central,681.0,0.32,0,1
10382,5626,2023-02-16,Auto Loan,107800.0,12.9,24,Salaried,35100.0,Central,576.0,0.22,2,0
10383,5288,2022-10-14,Auto Loan,47200.0,14.4,48,Retired,52300.0,South,559.0,0.17,1,1
10384,5663,2022-06-21,Personal Loan,62100.0,19.8,60,Salaried,51900.0,East,782.0,0.11,0,1
10385,5639,2021-09-10,Personal Loan,29400.0,18.3,60,Self-Employed,207700.0,Central,500.0,0.25,3,1
10386,5155,2023-04-09,Auto Loan,103300.0,9.4,36,Salaried,80300.0,South,663.0,0.35,5,0
10387,5490,2021-02-11,Personal Loan,42800.0,19.7,48,Self-Employed,69700.0,West,850.0,0.07,2,1
10388,5386,2021-04-10,Personal Loan,56800.0,16.3,24,Salaried,53200.0,North,716.0,0.25,0,0
10389,5104,2021-12-23,Mortgage,162600.0,11.6,60,Salaried,77900.0,East,663.0,0.1,4,0
10390,5393,2021-04-24,Credit Card,55800.0,20.8,12,Self-Employed,102100.0,South,,0.2,0,1
10391,5246,2023-05-21,Auto Loan,99600.0,9.5,48,Salaried,49100.0,Central,809.0,0.27,4,1
10392,5176,2022-12-28,Credit Card,18700.0,17.7,12,Salaried,62700.0,East,777.0,0.14,1,1
10393,5039,2021-08-24,Credit Card,79500.0,19.5,12,Salaried,93700.0,North,,0.31,1,0
10394,5477,2022-06-20,Personal Loan,36400.0,17.9,24,Self-Employed,28200.0,North,679.0,0.11,2,0
10395,5682,2023-06-13,Personal Loan,9400.0,13.2,24,Salaried,86100.0,South,725.0,0.1,6,0
10396,5538,2023-03-16,Personal Loan,45800.0,15.8,12,Retired,44700.0,Central,668.0,0.1,4,1
10397,5408,2022-07-01,Credit Card,24100.0,17.5,12,Salaried,108400.0,West,602.0,0.17,2,1
10398,5525,2023-04-03,Auto Loan,102500.0,13.5,60,Salaried,41900.0,South,,0.21,3,1
10399,5506,2023-06-20,Credit Card,61100.0,18.7,12,Self-Employed,73400.0,South,675.0,0.21,2,1
10400,5036,2022-11-08,Credit Card,43700.0,14.8,12,Self-Employed,84400.0,East,721.0,0.38,3,0
10401,5685,2021-03-01,Credit Card,49600.0,15.7,12,Self-Employed,122700.0,West,670.0,0.4,4,1
10402,5020,2022-01-01,Personal Loan,59200.0,10.6,24,Retired,43100.0,West,716.0,0.35,0,1
10403,5321,2023-02-02,Credit Card,6100.0,19.0,12,Salaried,32200.0,South,678.0,0.2,1,1
10404,5512,2021-07-29,Personal Loan,22000.0,11.1,24,Salaried,69300.0,West,672.0,0.3,6,1
10405,5400,2023-01-26,Personal Loan,52500.0,11.1,48,Salaried,163100.0,East,682.0,0.16,5,1
10406,5654,2021-04-20,Personal Loan,33500.0,19.4,12,Self-Employed,112200.0,Central,850.0,0.08,0,1
10407,5471,2021-02-12,Credit Card,15600.0,22.7,12,Self-Employed,230200.0,Central,744.0,0.27,1,0
10408,5143,2021-12-16,Auto Loan,108600.0,10.6,48,Salaried,100900.0,West,850.0,0.24,8,1
10409,5092,2021-02-03,Personal Loan,37900.0,19.9,48,Salaried,118300.0,West,679.0,0.23,2,1
10410,5354,2023-05-22,Personal Loan,54400.0,10.0,24,Salaried,69900.0,South,655.0,0.2,2,1
10411,5727,2023-01-22,Credit Card,47400.0,20.1,12,Self-Employed,105400.0,West,,0.23,1,0
10412,5051,2022-12-30,Personal Loan,47700.0,16.2,24,Salaried,68000.0,South,808.0,0.18,4,1
10413,5665,2022-07-28,Mortgage,154500.0,9.0,60,Salaried,60000.0,South,607.0,0.19,1,0
10414,5698,2021-07-16,Credit Card,57600.0,18.0,12,Salaried,86800.0,South,824.0,0.5,1,1
10415,5575,2022-04-17,Credit Card,29200.0,18.6,12,Self-Employed,50800.0,West,598.0,0.16,1,1
10416,5190,2022-06-28,Credit Card,75500.0,18.1,12,Self-Employed,273700.0,North,750.0,0.26,5,1
10417,5125,2022-04-23,Personal Loan,53600.0,17.3,24,Self-Employed,38200.0,South,552.0,0.23,3,1
10418,5150,2021-08-25,Credit Card,12300.0,15.4,12,Salaried,89800.0,South,644.0,0.48,3,0
10419,5314,2022-04-14,Credit Card,87900.0,16.0,12,Salaried,119300.0,North,681.0,0.23,1,1
10420,5570,2022-03-23,Mortgage,127200.0,7.5,60,Self-Employed,64600.0,North,632.0,0.35,5,1
10421,5342,2023-06-26,Personal Loan,48300.0,12.6,36,Retired,23300.0,West,666.0,0.28,3,1
10422,5305,2023-03-28,Credit Card,81900.0,19.3,12,Salaried,106700.0,West,666.0,0.21,3,0
10423,5692,2022-02-26,Credit Card,79700.0,15.1,12,Salaried,66300.0,South,744.0,0.48,6,0
10424,5682,2022-07-21,Personal Loan,18200.0,18.7,12,Salaried,89900.0,Central,513.0,0.26,1,1
10425,5054,2022-11-12,Credit Card,30800.0,17.0,12,Salaried,56700.0,West,634.0,0.09,2,1
10426,5444,2021-02-01,Auto Loan,106900.0,8.3,60,Self-Employed,245800.0,South,780.0,0.07,5,0
10427,5613,2023-03-26,Auto Loan,44600.0,12.4,48,Salaried,20800.0,West,724.0,0.46,3,0
10428,5264,2023-02-22,Personal Loan,21000.0,10.4,36,Salaried,72300.0,Central,781.0,0.25,2,1
10429,5053,2022-02-21,Auto Loan,49500.0,12.0,24,Salaried,117100.0,South,740.0,0.29,0,1
10430,5572,2021-12-22,Mortgage,272800.0,10.3,60,Salaried,63100.0,North,,0.4,3,0
10431,5620,2021-09-06,Mortgage,335600.0,7.7,60,Salaried,69600.0,Central,,0.41,2,1
10432,5005,2022-03-10,Personal Loan,38300.0,10.4,60,Salaried,48200.0,East,688.0,0.35,1,1
10433,5103,2021-02-10,Auto Loan,52600.0,9.9,60,Salaried,60500.0,North,850.0,0.22,4,0
10434,5196,2023-02-15,Personal Loan,54300.0,11.0,60,Self-Employed,22700.0,East,744.0,0.23,1,1
10435,5350,2021-02-02,Mortgage,49900.0,7.1,60,Salaried,41800.0,East,721.0,0.12,1,0
10436,5047,2021-10-27,Credit Card,6300.0,16.5,12,Salaried,40400.0,Central,733.0,0.18,3,1
10437,5656,2023-04-28,Personal Loan,21400.0,13.0,12,Retired,47500.0,East,717.0,0.06,2,0
10438,5269,2022-11-01,Auto Loan,51700.0,11.2,48,Self-Employed,49000.0,South,715.0,0.25,0,1
10439,5370,2021-09-14,Personal Loan,14500.0,16.8,24,Self-Employed,50000.0,East,658.0,0.14,1,0
10440,5636,2021-08-18,Mortgage,361300.0,9.8,60,Salaried,49600.0,East,722.0,0.42,0,1
10441,5106,2021-01-05,Mortgage,118300.0,7.3,60,Salaried,41200.0,North,755.0,0.15,1,1
10442,5670,2022-09-26,Auto Loan,54800.0,8.4,24,Salaried,68500.0,East,764.0,0.35,0,1
10443,5659,2021-02-14,Personal Loan,10900.0,18.8,12,Salaried,72300.0,West,755.0,0.25,1,1
10444,5657,2022-04-30,Auto Loan,113300.0,11.5,60,Salaried,90400.0,North,800.0,0.21,1,1
10445,5120,2023-05-26,Personal Loan,28800.0,18.7,48,Retired,47200.0,East,769.0,0.15,2,1
10446,5604,2021-04-10,Personal Loan,38100.0,13.7,36,Salaried,78900.0,South,730.0,0.15,5,1
10447,5058,2023-03-25,Auto Loan,93700.0,11.9,48,Salaried,50800.0,South,588.0,0.27,2,1
10448,5346,2023-06-22,Personal Loan,25900.0,15.2,48,Salaried,49200.0,South,588.0,0.19,3,1
10449,5741,2021-02-25,Credit Card,56400.0,17.2,12,Salaried,38700.0,South,,0.18,1,0
10450,5474,2023-03-15,Mortgage,263500.0,9.1,60,Self-Employed,39200.0,West,683.0,0.49,3,1
10451,5117,2022-04-15,Personal Loan,22200.0,15.0,12,Salaried,66000.0,South,791.0,0.32,2,1
10452,5127,2023-04-05,Personal Loan,14900.0,12.0,48,Self-Employed,44200.0,West,457.0,0.13,2,0
10453,5393,2022-06-04,Mortgage,216700.0,8.2,60,Retired,65300.0,North,597.0,0.29,1,0
10454,5641,2022-08-26,Personal Loan,43200.0,17.9,24,Salaried,58800.0,Central,664.0,0.35,1,0
10455,5058,2022-05-10,Auto Loan,67900.0,14.3,48,Salaried,126800.0,East,600.0,0.24,2,1
10456,5634,2023-02-26,Mortgage,104700.0,8.5,60,Retired,45600.0,West,616.0,0.29,2,1
10457,5513,2022-10-30,Mortgage,100100.0,8.2,60,Self-Employed,42400.0,South,640.0,0.19,4,1
10458,5096,2022-04-20,Auto Loan,65100.0,8.6,24,Salaried,58000.0,South,604.0,0.3,1,1
10459,5638,2023-03-02,Personal Loan,26000.0,16.8,60,Retired,20000.0,North,618.0,0.16,0,0
10460,5118,2021-08-12,Personal Loan,21800.0,13.2,60,Salaried,65900.0,Central,789.0,0.47,2,1
10461,5560,2021-05-24,Auto Loan,48900.0,14.9,36,Retired,27600.0,South,729.0,0.41,4,1
10462,5601,2021-05-26,Mortgage,117000.0,8.3,60,Salaried,34300.0,East,741.0,0.3,1,0
10463,5488,2021-10-31,Credit Card,30400.0,17.9,12,Salaried,128200.0,West,677.0,0.31,2,1
10464,5237,2021-08-06,Personal Loan,66100.0,16.0,12,Self-Employed,150500.0,South,760.0,0.1,1,0
10465,5272,2023-04-27,Personal Loan,24500.0,18.0,36,Salaried,98900.0,West,747.0,0.26,2,1
10466,5189,2021-04-07,Personal Loan,41300.0,14.7,60,Salaried,88500.0,East,727.0,0.26,3,1
10467,5704,2022-09-29,Auto Loan,60800.0,10.4,48,Salaried,32300.0,West,627.0,0.3,4,1
10468,5447,2021-06-22,Credit Card,44400.0,24.0,12,Retired,30900.0,South,644.0,0.11,0,1
10469,5581,2023-03-14,Mortgage,212800.0,6.6,60,Self-Employed,57700.0,South,764.0,0.32,1,1
10470,5247,2023-05-25,Auto Loan,69300.0,14.2,60,Self-Employed,22100.0,North,638.0,0.41,2,1
10471,5076,2022-02-28,Personal Loan,23800.0,11.5,36,Salaried,45300.0,West,576.0,0.56,0,1
10472,5154,2023-03-11,Credit Card,76600.0,21.9,12,Self-Employed,49900.0,East,637.0,0.34,3,1
10473,5656,2021-01-05,Credit Card,24300.0,20.2,12,Salaried,63800.0,South,804.0,0.22,2,1
10474,5435,2023-01-17,Credit Card,36100.0,17.4,12,Salaried,212400.0,Central,637.0,0.32,1,1
10475,5086,2021-07-28,Auto Loan,119100.0,14.0,48,Self-Employed,72100.0,North,706.0,0.3,4,1
10476,5697,2023-04-07,Auto Loan,146500.0,7.1,60,Salaried,63800.0,Central,630.0,0.27,1,1
10477,5285,2021-01-02,Auto Loan,104200.0,8.8,36,Salaried,52800.0,Central,741.0,0.15,8,1
10478,5220,2022-05-22,Personal Loan,35600.0,15.7,24,Salaried,86600.0,Central,722.0,0.09,4,1
10479,5069,2022-11-20,Personal Loan,95400.0,13.5,48,Salaried,35000.0,West,560.0,0.17,3,1
10480,5047,2021-08-24,Auto Loan,57500.0,11.9,60,Self-Employed,275700.0,South,701.0,0.35,0,1
10481,5094,2021-06-25,Personal Loan,52200.0,10.2,24,Salaried,56300.0,North,545.0,0.12,5,1
10482,5750,2021-03-18,Personal Loan,36500.0,11.2,60,Self-Employed,55500.0,West,635.0,0.34,3,0
10483,5453,2021-10-25,Personal Loan,44300.0,11.3,60,Salaried,97200.0,South,679.0,0.3,1,1
10484,5204,2022-05-25,Auto Loan,67300.0,8.5,48,Salaried,38400.0,North,827.0,0.08,1,1
10485,5218,2021-04-16,Personal Loan,29400.0,14.6,48,Salaried,85800.0,West,705.0,0.06,1,0
10486,5474,2021-12-09,Auto Loan,92700.0,13.0,60,Self-Employed,195600.0,South,618.0,0.18,7,0
10487,5432,2021-01-09,Mortgage,232800.0,11.5,60,Self-Employed,61800.0,Central,654.0,0.35,4,0
10488,5341,2023-01-15,Personal Loan,60700.0,18.4,36,Retired,82500.0,West,753.0,0.37,5,1
10489,5551,2021-04-27,Personal Loan,42600.0,12.0,36,Self-Employed,114800.0,West,619.0,0.19,3,1
10490,5612,2021-09-15,Personal Loan,23100.0,14.4,24,Salaried,83100.0,West,767.0,0.21,2,0
10491,5289,2021-01-17,Mortgage,382600.0,7.6,60,Self-Employed,190300.0,Central,638.0,0.2,1,0
10492,5254,2022-01-29,Personal Loan,31800.0,12.6,60,Retired,69700.0,West,,0.32,1,1
10493,5734,2023-02-04,Credit Card,72900.0,19.0,12,Self-Employed,87800.0,East,640.0,0.13,1,1
10494,5357,2021-12-23,Personal Loan,43600.0,10.7,36,Salaried,89200.0,South,550.0,0.16,2,0
10495,5023,2021-06-13,Auto Loan,68900.0,8.7,60,Salaried,120400.0,Central,506.0,0.45,5,1
10496,5522,2022-11-17,Credit Card,71200.0,23.4,12,Self-Employed,32400.0,West,673.0,0.48,8,1
10497,5100,2022-12-19,Auto Loan,75400.0,10.7,60,Self-Employed,21800.0,South,674.0,0.22,1,1
10498,5180,2021-06-08,Mortgage,145400.0,8.9,60,Salaried,58200.0,North,700.0,0.23,3,1
10499,5223,2022-12-03,Personal Loan,81900.0,10.1,60,Self-Employed,21400.0,East,673.0,0.18,2,1
10500,5659,2023-05-13,Auto Loan,53800.0,9.0,60,Retired,32000.0,North,850.0,0.33,2,1
10501,5442,2021-06-01,Personal Loan,43000.0,18.7,24,Salaried,70100.0,Central,693.0,0.16,3,0
10502,5608,2022-12-03,Mortgage,134100.0,7.4,60,Self-Employed,60300.0,Central,569.0,0.23,1,1
10503,5325,2022-10-07,Auto Loan,45700.0,10.3,48,Salaried,55800.0,North,,0.15,5,1
10504,5516,2022-03-07,Mortgage,274300.0,6.6,60,Salaried,36300.0,East,680.0,0.47,3,0
10505,5016,2021-02-22,Personal Loan,173000.0,14.8,60,Salaried,88800.0,North,645.0,0.24,3,1
10506,5336,2021-03-09,Personal Loan,30300.0,10.2,36,Salaried,35200.0,West,581.0,0.56,1,1
10507,5258,2023-02-15,Credit Card,51000.0,22.2,12,Self-Employed,20000.0,South,675.0,0.48,1,1
10508,5497,2023-06-21,Credit Card,6300.0,22.2,12,Salaried,54000.0,East,676.0,0.46,1,1
10509,5160,2022-09-08,Personal Loan,66700.0,17.9,36,Salaried,94600.0,South,807.0,0.09,3,1
10510,5475,2022-02-10,Credit Card,43900.0,16.8,12,Salaried,62300.0,North,606.0,0.42,5,0
10511,5664,2022-08-13,Personal Loan,23200.0,18.4,24,Salaried,33400.0,South,646.0,0.2,2,0
10512,5690,2022-06-25,Credit Card,9000.0,19.4,12,Salaried,63000.0,North,807.0,0.14,3,1
10513,5675,2021-12-16,Auto Loan,45700.0,10.0,24,Self-Employed,99400.0,East,706.0,0.14,2,1
10514,5380,2021-03-01,Credit Card,50500.0,20.3,12,Salaried,62600.0,North,606.0,0.45,1,1
10515,5545,2023-01-18,Personal Loan,48300.0,10.1,24,Self-Employed,60800.0,East,622.0,0.54,3,1
10516,5691,2021-12-05,Credit Card,85600.0,15.4,12,Self-Employed,102800.0,Central,582.0,0.14,3,1
10517,5427,2023-01-16,Personal Loan,25000.0,17.4,60,Salaried,25100.0,West,686.0,0.36,1,1
10518,5613,2021-08-18,Mortgage,194900.0,7.8,60,Self-Employed,39100.0,Central,762.0,0.42,1,0
10519,5268,2021-01-01,Personal Loan,36900.0,16.0,48,Salaried,31200.0,Central,810.0,0.5,2,1
10520,5577,2021-05-25,Auto Loan,82000.0,10.1,60,Salaried,117500.0,North,561.0,0.22,1,1
10521,5417,2022-03-03,Mortgage,37900.0,11.2,60,Salaried,85500.0,North,749.0,0.1,5,1
10522,5168,2023-05-10,Auto Loan,44300.0,14.6,36,Salaried,65700.0,East,693.0,0.31,2,1
10523,5043,2021-04-03,Auto Loan,57700.0,14.1,60,Salaried,29000.0,Central,659.0,0.09,0,0
10524,5556,2023-02-17,Auto Loan,79400.0,9.2,60,Self-Employed,123100.0,Central,646.0,0.25,1,0
10525,5285,2022-04-25,Mortgage,342800.0,7.6,60,Salaried,119800.0,North,526.0,0.3,6,1
10526,5397,2023-01-22,Credit Card,72100.0,18.7,12,Self-Employed,109100.0,South,731.0,0.29,3,1
10527,5012,2021-09-29,Credit Card,40600.0,14.1,12,Salaried,58800.0,North,574.0,0.09,3,0
10528,5607,2023-02-04,Credit Card,40100.0,14.3,12,Self-Employed,113800.0,West,620.0,0.25,0,0
10529,5302,2022-12-05,Credit Card,9300.0,19.5,12,Salaried,68600.0,East,713.0,0.19,4,0
10530,5253,2021-07-29,Credit Card,38200.0,19.2,12,Salaried,95100.0,North,534.0,0.17,2,1
10531,5499,2021-04-30,Credit Card,93300.0,23.9,12,Salaried,94100.0,South,574.0,0.17,3,1
10532,5035,2023-03-01,Personal Loan,63300.0,12.0,24,Salaried,53600.0,East,777.0,0.3,6,1
10533,5727,2023-05-27,Personal Loan,29700.0,12.6,60,Salaried,43000.0,West,689.0,0.47,0,1
10534,5090,2021-01-29,Personal Loan,29900.0,11.1,48,Self-Employed,55300.0,North,627.0,0.14,2,0
10535,5605,2022-10-28,Personal Loan,61500.0,19.2,12,Salaried,78300.0,Central,690.0,0.38,0,1
10536,5602,2023-04-08,Personal Loan,24800.0,17.8,60,Self-Employed,57700.0,East,733.0,0.54,2,1
10537,5418,2023-02-20,Credit Card,14800.0,22.2,12,Self-Employed,43200.0,West,769.0,0.12,1,1
10538,5115,2023-05-28,Personal Loan,41100.0,19.0,12,Self-Employed,73100.0,West,591.0,0.11,5,0
10539,5617,2022-11-23,Auto Loan,62400.0,11.2,60,Salaried,104200.0,North,598.0,0.29,1,1
10540,5196,2022-02-07,Personal Loan,27200.0,14.5,24,Salaried,64100.0,North,728.0,0.26,2,1
10541,5501,2021-10-11,Personal Loan,74400.0,13.3,48,Retired,32500.0,West,731.0,0.16,4,1
10542,5626,2021-10-19,Auto Loan,24700.0,11.7,60,Self-Employed,91500.0,North,572.0,0.06,7,1
10543,5493,2022-10-22,Credit Card,54500.0,18.5,12,Salaried,62400.0,West,601.0,0.46,2,1
10544,5075,2022-11-10,Personal Loan,70900.0,14.5,60,Salaried,22800.0,West,664.0,0.35,2,1
10545,5413,2021-07-02,Mortgage,92500.0,11.7,60,Salaried,84800.0,West,,0.1,0,0
10546,5376,2023-03-01,Mortgage,227400.0,11.9,60,Salaried,73400.0,South,684.0,0.29,0,1
10547,5420,2022-10-13,Personal Loan,22900.0,18.0,60,Self-Employed,74000.0,South,571.0,0.2,2,0
10548,5729,2022-05-28,Personal Loan,79900.0,17.6,60,Salaried,101800.0,East,683.0,0.26,0,0
10549,5277,2022-03-06,Mortgage,93800.0,10.2,60,Salaried,109800.0,North,622.0,0.46,1,0
10550,5676,2022-05-10,Credit Card,38000.0,15.7,12,Salaried,89300.0,West,586.0,0.08,0,1
10551,5394,2021-05-25,Credit Card,42100.0,14.6,12,Salaried,39100.0,West,679.0,0.37,2,1
10552,5457,2021-07-05,Auto Loan,49200.0,12.5,36,Self-Employed,41300.0,South,670.0,0.12,2,1
10553,5192,2021-03-24,Personal Loan,25700.0,17.3,48,Self-Employed,159900.0,West,744.0,0.22,0,1
10554,5739,2021-05-20,Credit Card,62500.0,14.5,12,Salaried,23400.0,North,611.0,0.17,1,0
10555,5689,2022-02-17,Personal Loan,75700.0,19.3,36,Self-Employed,65900.0,South,698.0,0.19,2,1
10556,5099,2022-04-28,Auto Loan,51900.0,7.7,36,Salaried,74600.0,Central,554.0,0.17,3,1
10557,5548,2021-01-17,Credit Card,86000.0,16.9,12,Salaried,25000.0,Central,658.0,0.1,2,1
10558,5096,2022-12-27,Auto Loan,113100.0,12.4,60,Salaried,67300.0,East,717.0,0.19,4,1
10559,5664,2021-09-25,Personal Loan,41300.0,11.7,48,Salaried,96500.0,Central,723.0,0.26,0,1
10560,5663,2023-04-10,Personal Loan,25000.0,10.6,24,Salaried,28500.0,East,724.0,0.32,0,1
10561,5190,2023-05-31,Credit Card,72700.0,17.3,12,Salaried,137200.0,South,744.0,0.15,0,1
10562,5736,2021-06-18,Auto Loan,30300.0,13.1,60,Self-Employed,36100.0,South,644.0,0.14,2,1
10563,5037,2022-02-25,Credit Card,41700.0,18.1,12,Salaried,79800.0,Central,719.0,0.07,3,1
10564,5369,2021-01-02,Personal Loan,19400.0,16.5,36,Self-Employed,69000.0,North,829.0,0.3,0,1
10565,5695,2022-06-29,Mortgage,194200.0,9.7,60,Salaried,62000.0,East,642.0,0.21,2,1
10566,5525,2022-07-07,Personal Loan,60900.0,10.2,36,Retired,21700.0,East,790.0,0.08,2,1
10567,5279,2021-08-14,Mortgage,187700.0,11.9,60,Self-Employed,176700.0,West,750.0,0.1,7,0
10568,5217,2022-05-24,Personal Loan,44300.0,10.4,36,Salaried,70500.0,South,658.0,0.14,3,1
10569,5273,2021-07-25,Auto Loan,77800.0,14.7,60,Self-Employed,227400.0,South,665.0,0.19,3,1
10570,5062,2021-05-27,Personal Loan,43900.0,15.5,12,Salaried,31900.0,North,689.0,0.2,2,1
10571,5596,2022-08-16,Mortgage,363900.0,11.8,60,Self-Employed,64400.0,East,745.0,0.46,8,1
10572,5729,2021-10-24,Credit Card,60500.0,15.1,12,Salaried,66500.0,West,712.0,0.07,7,1
10573,5342,2022-06-22,Personal Loan,33400.0,14.9,24,Self-Employed,76300.0,East,642.0,0.37,2,1
10574,5397,2022-01-30,Personal Loan,21100.0,11.7,48,Self-Employed,116600.0,West,513.0,0.09,2,1
10575,5699,2023-06-15,Personal Loan,48200.0,10.5,24,Salaried,54300.0,North,733.0,0.43,2,0
10576,5019,2021-05-17,Personal Loan,35200.0,16.2,24,Salaried,173000.0,Central,525.0,0.3,2,0
10577,5177,2022-02-27,Mortgage,353500.0,7.6,60,Self-Employed,75200.0,East,570.0,0.14,2,1
10578,5612,2022-09-12,Credit Card,55700.0,19.9,12,Salaried,20000.0,North,647.0,0.09,1,0
10579,5396,2021-12-26,Auto Loan,25200.0,7.9,60,Salaried,62400.0,South,582.0,0.24,5,1
10580,5445,2023-06-06,Credit Card,65500.0,17.3,12,Salaried,112500.0,West,705.0,0.25,2,1
10581,5233,2022-10-19,Auto Loan,43300.0,13.3,60,Salaried,37700.0,Central,656.0,0.13,4,1
10582,5076,2022-08-21,Personal Loan,52400.0,14.4,48,Retired,24500.0,South,742.0,0.25,2,1
10583,5265,2022-11-20,Personal Loan,69500.0,16.3,48,Salaried,39300.0,West,551.0,0.19,3,1
10584,5455,2023-05-17,Auto Loan,62700.0,12.2,24,Salaried,35000.0,North,627.0,0.27,1,1
10585,5718,2023-04-07,Mortgage,67300.0,11.1,60,Self-Employed,52300.0,North,680.0,0.19,2,0
10586,5735,2022-10-22,Personal Loan,31400.0,13.2,48,Self-Employed,138200.0,East,683.0,0.16,2,1
10587,5384,2022-11-13,Personal Loan,61100.0,16.9,48,Salaried,128400.0,East,735.0,0.53,1,1
10588,5564,2021-05-13,Credit Card,11000.0,23.6,12,Salaried,20000.0,West,606.0,0.26,4,1
10589,5506,2021-04-04,Mortgage,208600.0,10.5,60,Retired,31200.0,South,642.0,0.33,0,1
10590,5367,2022-06-04,Personal Loan,49400.0,14.9,60,Self-Employed,90400.0,North,720.0,0.23,2,1
10591,5144,2021-01-17,Credit Card,48800.0,20.3,12,Salaried,66300.0,South,504.0,0.26,1,0
10592,5069,2022-03-15,Mortgage,212000.0,10.6,60,Salaried,154800.0,North,710.0,0.14,4,1
10593,5099,2021-07-11,Personal Loan,52600.0,16.1,12,Salaried,21900.0,North,741.0,0.3,1,0
10594,5396,2021-11-11,Personal Loan,54600.0,10.2,36,Salaried,20000.0,South,573.0,0.31,2,1
10595,5025,2022-12-07,Credit Card,19300.0,15.9,12,Salaried,167900.0,South,,0.38,1,0
10596,5469,2023-05-07,Mortgage,148000.0,11.0,60,Self-Employed,123900.0,South,799.0,0.25,2,0
10597,5484,2021-03-07,Personal Loan,17300.0,12.7,48,Salaried,45000.0,East,732.0,0.28,4,1
10598,5565,2022-05-02,Credit Card,30100.0,21.3,12,Self-Employed,82500.0,North,715.0,0.21,1,0
10599,5151,2023-03-15,Credit Card,44400.0,17.7,12,Salaried,67600.0,North,759.0,0.51,3,1
10600,5144,2021-03-17,Credit Card,89400.0,19.2,12,Self-Employed,48200.0,East,824.0,0.19,1,1
10601,5569,2023-01-21,Credit Card,83300.0,14.7,12,Self-Employed,80800.0,North,681.0,0.21,2,1
10602,5039,2021-11-22,Credit Card,64900.0,15.8,12,Salaried,71500.0,East,647.0,0.39,2,1
10603,5109,2021-10-21,Credit Card,86500.0,23.6,12,Salaried,164000.0,North,759.0,0.12,2,0
10604,5693,2023-06-09,Credit Card,79500.0,22.9,12,Salaried,96900.0,South,665.0,0.41,2,1
10605,5042,2021-07-02,Credit Card,45800.0,20.5,12,Self-Employed,247100.0,North,,0.41,2,1
10606,5186,2022-09-23,Credit Card,24100.0,18.6,12,Self-Employed,28600.0,North,,0.32,1,1
10607,5398,2023-01-18,Mortgage,385900.0,10.2,60,Salaried,50300.0,East,704.0,0.11,2,0
10608,5223,2021-02-07,Personal Loan,38200.0,16.2,48,Salaried,67600.0,Central,644.0,0.25,0,0
10609,5634,2022-09-03,Auto Loan,127900.0,11.5,48,Salaried,22900.0,North,650.0,0.13,3,1
10610,5133,2023-05-16,Auto Loan,44800.0,7.5,60,Self-Employed,167300.0,South,597.0,0.36,4,1
10611,5163,2021-04-24,Personal Loan,40800.0,16.3,24,Salaried,82500.0,West,794.0,0.13,1,1
10612,5215,2023-03-27,Credit Card,82200.0,21.7,12,Salaried,49800.0,South,652.0,0.25,1,1
10613,5733,2022-06-26,Credit Card,72100.0,23.9,12,Salaried,54600.0,West,623.0,0.21,0,1
10614,5235,2022-07-16,Personal Loan,30000.0,10.1,60,Salaried,112100.0,North,631.0,0.29,6,0
10615,5658,2022-07-12,Credit Card,96900.0,21.3,12,Self-Employed,41900.0,Central,744.0,0.18,4,1
10616,5588,2021-09-29,Personal Loan,123600.0,15.7,12,Salaried,114400.0,South,725.0,0.31,1,1
10617,5009,2023-05-02,Personal Loan,20200.0,14.3,48,Self-Employed,61300.0,South,639.0,0.16,2,1
10618,5074,2023-05-13,Auto Loan,38900.0,8.0,60,Salaried,87400.0,Central,682.0,0.13,1,0
10619,5492,2022-07-24,Personal Loan,20300.0,14.1,60,Salaried,62500.0,East,702.0,0.28,2,0
10620,5253,2022-12-14,Auto Loan,53200.0,9.8,24,Self-Employed,349100.0,East,623.0,0.18,3,1
10621,5230,2022-07-12,Credit Card,6300.0,17.0,12,Retired,25500.0,West,556.0,0.37,2,0
10622,5519,2022-03-17,Mortgage,282000.0,10.5,60,Self-Employed,49000.0,East,721.0,0.09,4,1
10623,5174,2022-08-25,Credit Card,12600.0,21.0,12,Salaried,28200.0,North,,0.36,2,1
10624,5653,2022-05-19,Personal Loan,21700.0,15.9,48,Salaried,34600.0,East,715.0,0.45,0,1
10625,5168,2022-06-28,Auto Loan,93500.0,14.5,36,Self-Employed,120500.0,North,705.0,0.19,2,0
10626,5170,2022-12-15,Personal Loan,37000.0,13.5,12,Salaried,133300.0,West,684.0,0.14,2,1
10627,5393,2022-03-14,Credit Card,5500.0,16.4,12,Salaried,90500.0,Central,645.0,0.29,5,0
10628,5634,2021-02-07,Mortgage,93500.0,10.1,60,Self-Employed,72900.0,South,629.0,0.11,1,1
10629,5194,2021-05-30,Personal Loan,34100.0,12.0,36,Self-Employed,39100.0,South,,0.33,2,0
10630,5517,2022-02-04,Credit Card,43200.0,17.2,12,Retired,52000.0,North,630.0,0.12,3,0
10631,5029,2022-10-22,Auto Loan,78000.0,8.8,60,Retired,24800.0,North,725.0,0.37,2,1
10632,5165,2022-06-24,Mortgage,116700.0,6.9,60,Self-Employed,28400.0,Central,791.0,0.25,1,0
10633,5422,2022-08-15,Auto Loan,56000.0,13.6,48,Salaried,51300.0,North,780.0,0.1,7,1
10634,5339,2022-03-13,Personal Loan,71200.0,12.5,48,Salaried,21700.0,South,691.0,0.47,1,0
10635,5648,2022-07-15,Auto Loan,82400.0,10.8,48,Salaried,30000.0,West,791.0,0.15,1,1
10636,5496,2021-10-27,Personal Loan,23900.0,10.4,48,Salaried,153700.0,Central,655.0,0.27,4,1
10637,5365,2022-03-04,Auto Loan,70500.0,12.6,48,Salaried,27400.0,East,576.0,0.12,0,0
10638,5342,2022-11-09,Mortgage,371700.0,8.3,60,Salaried,33100.0,East,833.0,0.24,1,1
10639,5500,2023-03-05,Auto Loan,126700.0,13.0,60,Salaried,62100.0,East,722.0,0.27,2,0
10640,5657,2022-01-30,Mortgage,139100.0,8.8,60,Salaried,63700.0,Central,557.0,0.24,1,0
10641,5511,2021-02-09,Personal Loan,58600.0,12.0,60,Salaried,53200.0,East,804.0,0.33,7,1
10642,5327,2021-05-28,Auto Loan,104400.0,11.1,24,Salaried,22000.0,East,620.0,0.22,2,1
10643,5217,2021-01-19,Auto Loan,32800.0,8.0,48,Salaried,91500.0,North,637.0,0.12,2,1
10644,5301,2022-08-18,Personal Loan,28100.0,14.4,24,Self-Employed,53600.0,North,761.0,0.22,1,0
10645,5132,2021-10-30,Mortgage,493900.0,8.2,60,Salaried,110200.0,East,788.0,0.15,1,1
10646,5070,2022-05-09,Personal Loan,31200.0,19.1,12,Salaried,43400.0,Central,599.0,0.27,2,1
10647,5252,2022-03-25,Auto Loan,18600.0,7.5,24,Self-Employed,145500.0,Central,797.0,0.29,2,1
10648,5415,2021-03-16,Auto Loan,57000.0,12.6,36,Salaried,114500.0,Central,749.0,0.32,3,1
10649,5445,2022-01-02,Auto Loan,93900.0,8.5,36,Salaried,47400.0,East,616.0,0.08,1,1
10650,5182,2021-07-20,Personal Loan,36400.0,13.2,12,Salaried,93000.0,West,660.0,0.27,3,1
10651,5167,2022-01-16,Credit Card,95200.0,18.2,12,Salaried,30800.0,West,801.0,0.29,1,1
10652,5091,2021-07-05,Credit Card,84100.0,23.1,12,Retired,40400.0,East,555.0,0.2,2,1
10653,5714,2023-02-04,Mortgage,232700.0,7.8,60,Salaried,110300.0,South,790.0,0.19,2,1
10654,5531,2021-06-08,Credit Card,39400.0,14.9,12,Self-Employed,105100.0,South,747.0,0.11,0,1
10655,5039,2023-05-25,Personal Loan,40200.0,13.2,48,Salaried,199400.0,Central,720.0,0.15,2,0
10656,5126,2022-01-14,Auto Loan,77700.0,7.8,24,Salaried,79800.0,South,690.0,0.47,0,1
10657,5451,2023-02-10,Credit Card,10200.0,15.3,12,Salaried,49900.0,Central,837.0,0.16,2,1
10658,5173,2022-07-27,Credit Card,66200.0,19.7,12,Salaried,247800.0,North,849.0,0.29,3,1
10659,5653,2022-11-01,Credit Card,97600.0,14.6,12,Salaried,135500.0,West,630.0,0.26,0,1
10660,5220,2022-11-30,Mortgage,170700.0,6.7,60,Salaried,26900.0,East,728.0,0.33,5,1
10661,5638,2022-04-05,Credit Card,76000.0,21.1,12,Salaried,40500.0,West,829.0,0.21,2,1
10662,5058,2022-05-10,Credit Card,82000.0,17.6,12,Self-Employed,35400.0,South,,0.15,5,1
10663,5660,2022-04-13,Personal Loan,25000.0,11.3,60,Salaried,82700.0,Central,699.0,0.56,0,0
10664,5476,2022-06-20,Personal Loan,18600.0,12.5,60,Self-Employed,109100.0,East,760.0,0.41,5,1
10665,5456,2021-01-27,Personal Loan,29900.0,16.4,12,Self-Employed,108500.0,South,518.0,0.35,0,0
10666,5361,2021-12-26,Personal Loan,38000.0,12.8,24,Salaried,26500.0,East,746.0,0.1,2,1
10667,5001,2022-07-06,Credit Card,48000.0,18.9,12,Salaried,43500.0,South,,0.32,5,1
10668,5387,2022-06-28,Auto Loan,48400.0,8.0,24,Salaried,55600.0,South,695.0,0.43,1,0
10669,5348,2022-12-23,Credit Card,95100.0,19.9,12,Self-Employed,20400.0,South,771.0,0.1,0,0
10670,5190,2022-08-20,Auto Loan,64100.0,9.5,24,Salaried,38700.0,Central,488.0,0.17,3,0
10671,5505,2023-06-22,Mortgage,133200.0,9.9,60,Self-Employed,189000.0,East,742.0,0.18,2,1
10672,5191,2021-09-16,Auto Loan,27000.0,13.5,60,Salaried,27500.0,East,843.0,0.27,2,0
10673,5508,2021-11-23,Auto Loan,26400.0,11.9,60,Self-Employed,202500.0,South,637.0,0.2,0,1
10674,5369,2021-12-16,Credit Card,70100.0,17.0,12,Salaried,103300.0,South,726.0,0.31,3,1
10675,5409,2022-02-28,Credit Card,91500.0,16.6,12,Self-Employed,59700.0,Central,786.0,0.36,1,1
10676,5117,2023-01-31,Personal Loan,45200.0,13.3,12,Salaried,43300.0,East,552.0,0.23,5,0
10677,5134,2021-08-03,Credit Card,88800.0,15.6,12,Salaried,90800.0,Central,740.0,0.37,3,0
10678,5058,2022-12-08,Mortgage,174100.0,7.5,60,Salaried,40400.0,North,761.0,0.2,3,1
10679,5556,2022-01-04,Auto Loan,96200.0,13.3,24,Salaried,41400.0,North,731.0,0.2,1,1
10680,5685,2022-07-02,Personal Loan,42200.0,13.8,36,Retired,36000.0,Central,686.0,0.32,4,1
10681,5672,2022-07-30,Credit Card,66000.0,18.4,12,Salaried,20600.0,East,599.0,0.28,2,0
10682,5173,2021-12-06,Auto Loan,64100.0,11.8,24,Salaried,29000.0,North,791.0,0.18,4,1
10683,5149,2022-04-12,Personal Loan,31300.0,15.9,60,Salaried,51100.0,South,682.0,0.27,1,0
10684,5080,2022-01-11,Credit Card,14000.0,14.7,12,Salaried,76000.0,West,607.0,0.36,3,1
10685,5213,2021-03-04,Mortgage,367400.0,11.1,60,Salaried,40100.0,South,654.0,0.13,2,0
10686,5203,2022-02-02,Credit Card,11300.0,15.8,12,Self-Employed,63700.0,East,709.0,0.32,0,1
10687,5229,2021-03-30,Personal Loan,53000.0,17.2,48,Salaried,26700.0,South,555.0,0.51,2,1
10688,5676,2022-01-04,Credit Card,26900.0,21.7,12,Retired,52700.0,South,681.0,0.22,1,1
10689,5227,2022-06-24,Mortgage,180500.0,10.4,60,Salaried,66800.0,Central,646.0,0.32,1,0
10690,5659,2022-06-12,Credit Card,28400.0,19.8,12,Salaried,69900.0,North,786.0,0.29,1,1
10691,5532,2022-08-26,Personal Loan,52500.0,10.1,36,Self-Employed,102900.0,East,530.0,0.27,2,1
10692,5441,2021-03-28,Credit Card,70600.0,17.6,12,Self-Employed,77200.0,West,755.0,0.34,2,1
10693,5402,2022-08-17,Credit Card,61700.0,20.0,12,Salaried,47000.0,North,793.0,0.28,2,1
10694,5047,2021-10-12,Credit Card,52600.0,17.9,12,Self-Employed,161300.0,South,,0.16,0,0
10695,5233,2021-12-30,Auto Loan,97300.0,13.9,24,Salaried,64800.0,East,542.0,0.3,3,1
10696,5305,2023-02-20,Personal Loan,28200.0,13.1,48,Salaried,55100.0,South,822.0,0.27,5,0
10697,5526,2021-01-09,Mortgage,120400.0,8.1,60,Self-Employed,72700.0,South,607.0,0.14,1,1
10698,5143,2022-06-20,Personal Loan,26400.0,12.7,48,Salaried,59000.0,South,850.0,0.32,1,0
10699,5415,2022-06-29,Credit Card,70700.0,17.3,12,Salaried,54800.0,East,535.0,0.29,2,1
10700,5513,2021-12-27,Personal Loan,81900.0,15.6,48,Self-Employed,99900.0,East,693.0,0.22,3,1
10701,5373,2021-08-04,Credit Card,94400.0,21.1,12,Retired,25000.0,East,,0.45,3,1
10702,5566,2021-08-02,Credit Card,78700.0,20.6,12,Salaried,38900.0,North,663.0,0.11,2,0
10703,5259,2023-03-16,Credit Card,17200.0,22.1,12,Salaried,79200.0,East,717.0,0.2,0,1
10704,5656,2022-02-07,Personal Loan,73400.0,18.9,60,Salaried,55700.0,Central,721.0,0.41,4,1
10705,5471,2021-10-29,Credit Card,38000.0,22.2,12,Retired,53600.0,East,,0.4,2,0
10706,5012,2022-02-13,Personal Loan,13300.0,10.2,48,Self-Employed,97400.0,West,598.0,0.27,1,0
10707,5330,2022-09-02,Auto Loan,36300.0,12.9,60,Salaried,45400.0,East,763.0,0.52,0,0
10708,5736,2021-05-13,Mortgage,234400.0,7.6,60,Salaried,79800.0,Central,730.0,0.2,2,1
10709,5358,2022-02-13,Personal Loan,42500.0,11.3,60,Salaried,108900.0,Central,,0.23,2,1
10710,5408,2022-06-19,Credit Card,34100.0,20.4,12,Self-Employed,100000.0,North,727.0,0.28,3,0
10711,5668,2023-05-14,Credit Card,57400.0,17.2,12,Self-Employed,116500.0,South,741.0,0.23,6,1
10712,5373,2021-08-18,Personal Loan,29800.0,10.6,24,Self-Employed,64800.0,South,619.0,0.08,1,1
10713,5008,2021-11-23,Credit Card,21000.0,15.4,12,Retired,54000.0,South,724.0,0.32,7,1
10714,5122,2021-12-12,Auto Loan,103500.0,7.0,48,Salaried,44800.0,North,635.0,0.13,3,0
10715,5348,2022-07-06,Credit Card,50100.0,23.0,12,Salaried,70900.0,West,744.0,0.31,2,1
10716,5676,2021-11-21,Personal Loan,34300.0,10.2,24,Salaried,216400.0,North,664.0,0.16,4,0
10717,5090,2022-05-01,Auto Loan,44000.0,8.7,60,Salaried,78400.0,East,728.0,0.14,3,1
10718,5648,2022-12-13,Credit Card,55300.0,18.2,12,Salaried,48500.0,East,645.0,0.33,1,0
10719,5698,2022-10-04,Auto Loan,50800.0,9.9,60,Salaried,48500.0,North,733.0,0.12,4,1
10720,5316,2022-02-11,Credit Card,64900.0,23.1,12,Self-Employed,69600.0,Central,601.0,0.13,3,1
10721,5178,2023-02-26,Credit Card,25900.0,14.4,12,Self-Employed,132700.0,West,682.0,0.19,3,1
10722,5540,2022-05-23,Personal Loan,28500.0,15.1,12,Salaried,64400.0,South,758.0,0.14,4,1
10723,5732,2022-05-07,Personal Loan,17900.0,16.8,48,Salaried,43300.0,South,717.0,0.23,2,1
10724,5041,2021-02-01,Mortgage,85000.0,11.6,60,Salaried,43300.0,North,695.0,0.25,3,0
10725,5740,2023-06-17,Personal Loan,55600.0,16.2,24,Self-Employed,81300.0,West,824.0,0.16,3,1
10726,5704,2021-04-22,Mortgage,344700.0,10.9,60,Self-Employed,75300.0,North,761.0,0.18,2,1
10727,5502,2021-07-30,Credit Card,19800.0,14.8,12,Salaried,75200.0,East,748.0,0.31,0,1
10728,5145,2021-02-17,Personal Loan,77300.0,13.9,36,Salaried,94700.0,West,732.0,0.15,3,1
10729,5201,2022-08-06,Personal Loan,34300.0,13.7,36,Salaried,234100.0,North,742.0,0.12,0,1
10730,5724,2021-07-24,Personal Loan,21200.0,18.9,36,Salaried,28800.0,Central,812.0,0.29,3,1
10731,5461,2021-06-13,Mortgage,92700.0,7.3,60,Salaried,84400.0,North,646.0,0.28,5,0
10732,5732,2021-03-22,Credit Card,5300.0,15.5,12,Self-Employed,78300.0,Central,760.0,0.26,1,0
10733,5558,2021-04-05,Credit Card,21600.0,17.3,12,Self-Employed,20100.0,North,708.0,0.22,0,1
10734,5547,2022-06-17,Personal Loan,33500.0,10.5,60,Salaried,111800.0,East,649.0,0.09,1,1
10735,5253,2022-09-19,Personal Loan,61000.0,11.8,12,Self-Employed,98200.0,South,672.0,0.26,2,1
10736,5390,2021-12-28,Credit Card,98500.0,23.7,12,Retired,50000.0,West,697.0,0.12,5,0
10737,5594,2022-03-13,Personal Loan,78700.0,14.3,24,Salaried,25600.0,East,611.0,0.12,2,1
10738,5256,2022-09-17,Auto Loan,44400.0,12.1,24,Salaried,53600.0,North,749.0,0.16,0,1
10739,5709,2021-01-16,Credit Card,31800.0,21.3,12,Retired,23600.0,East,671.0,0.46,2,0
10740,5450,2021-10-22,Credit Card,39600.0,17.7,12,Salaried,176600.0,South,686.0,0.23,3,1
10741,5010,2023-06-05,Credit Card,23100.0,15.5,12,Retired,57400.0,East,788.0,0.27,1,1
10742,5242,2022-06-12,Credit Card,38000.0,16.1,12,Retired,27700.0,Central,690.0,0.33,3,1
10743,5251,2021-08-20,Mortgage,181500.0,8.2,60,Self-Employed,24900.0,South,804.0,0.13,1,1
10744,5005,2022-04-20,Credit Card,68100.0,20.4,12,Self-Employed,83800.0,South,638.0,0.28,3,1
10745,5119,2021-11-08,Personal Loan,36700.0,14.0,48,Self-Employed,157100.0,North,592.0,0.32,1,1
10746,5374,2022-04-30,Credit Card,23900.0,14.1,12,Self-Employed,21700.0,East,,0.19,1,0
10747,5065,2021-04-25,Personal Loan,77500.0,15.2,12,Salaried,37600.0,South,454.0,0.47,4,0
10748,5146,2021-05-01,Personal Loan,43400.0,19.2,12,Salaried,34400.0,South,752.0,0.28,2,1
10749,5224,2021-05-11,Mortgage,45600.0,11.0,60,Salaried,92400.0,North,596.0,0.16,1,1
10750,5239,2023-05-06,Auto Loan,132600.0,13.6,36,Self-Employed,56500.0,South,630.0,0.29,5,1
10751,5177,2022-10-29,Mortgage,236400.0,10.9,60,Salaried,50800.0,Central,737.0,0.17,3,1
10752,5282,2021-05-28,Credit Card,70300.0,17.2,12,Salaried,65300.0,South,,0.39,1,1
10753,5063,2021-06-21,Credit Card,67500.0,21.7,12,Salaried,38600.0,East,644.0,0.15,2,1
10754,5217,2022-10-28,Personal Loan,96600.0,11.4,60,Self-Employed,26600.0,West,517.0,0.11,4,1
10755,5689,2021-05-23,Personal Loan,40200.0,16.6,36,Retired,62800.0,West,784.0,0.25,3,1
10756,5461,2021-08-02,Auto Loan,53900.0,12.1,60,Retired,65200.0,South,737.0,0.39,1,1
10757,5610,2023-05-27,Credit Card,16700.0,14.3,12,Salaried,65500.0,East,844.0,0.25,2,1
10758,5105,2021-08-21,Auto Loan,45000.0,13.3,60,Self-Employed,87200.0,Central,632.0,0.29,2,1
10759,5099,2022-08-26,Auto Loan,117700.0,14.2,48,Self-Employed,176800.0,North,563.0,0.11,4,1
10760,5511,2023-06-10,Personal Loan,57700.0,12.7,48,Salaried,64800.0,South,759.0,0.16,1,1
10761,5385,2021-12-07,Credit Card,89500.0,22.1,12,Salaried,48600.0,North,664.0,0.49,3,1
10762,5405,2021-01-16,Auto Loan,60600.0,7.7,48,Salaried,61100.0,South,730.0,0.2,0,1
10763,5518,2021-08-11,Personal Loan,37100.0,16.0,36,Retired,63400.0,South,809.0,0.17,3,0
10764,5476,2023-01-27,Auto Loan,102500.0,10.9,60,Salaried,61500.0,West,711.0,0.12,6,1
10765,5709,2023-02-26,Credit Card,74900.0,19.5,12,Salaried,42800.0,North,693.0,0.41,1,1
10766,5645,2022-12-01,Personal Loan,62900.0,19.3,36,Self-Employed,81100.0,East,698.0,0.11,1,1
10767,5437,2021-04-13,Credit Card,43300.0,22.7,12,Salaried,83100.0,East,549.0,0.17,2,0
10768,5023,2022-12-25,Mortgage,165900.0,10.8,60,Salaried,78300.0,South,768.0,0.09,3,1
10769,5565,2023-04-16,Personal Loan,23400.0,12.7,12,Self-Employed,107700.0,West,,0.19,1,0
10770,5677,2022-07-01,Auto Loan,88000.0,14.3,36,Salaried,39600.0,South,722.0,0.19,3,0
10771,5714,2023-05-07,Personal Loan,40800.0,11.0,36,Self-Employed,125400.0,Central,558.0,0.22,4,1
10772,5458,2023-01-23,Auto Loan,54800.0,13.8,24,Salaried,60700.0,South,,0.21,3,1
10773,5083,2022-08-30,Auto Loan,21400.0,9.6,60,Self-Employed,44400.0,East,795.0,0.1,3,1
10774,5145,2022-06-10,Personal Loan,32000.0,10.5,24,Self-Employed,124700.0,West,634.0,0.09,1,1
10775,5085,2021-11-14,Personal Loan,40400.0,16.7,24,Salaried,47700.0,South,774.0,0.23,5,1
10776,5078,2021-05-25,Auto Loan,83400.0,8.9,36,Salaried,27300.0,North,684.0,0.32,1,0
10777,5457,2022-07-05,Credit Card,59800.0,16.4,12,Self-Employed,36300.0,West,737.0,0.47,1,1
10778,5001,2021-10-17,Auto Loan,26400.0,9.4,48,Self-Employed,64400.0,South,647.0,0.21,1,1
10779,5051,2023-02-28,Personal Loan,57900.0,10.6,60,Self-Employed,109600.0,Central,686.0,0.31,3,0
10780,5685,2023-06-23,Mortgage,115100.0,7.5,60,Self-Employed,39900.0,Central,714.0,0.16,4,1
10781,5717,2022-11-16,Auto Loan,82500.0,7.0,60,Salaried,53100.0,South,593.0,0.55,0,0
10782,5446,2021-03-24,Mortgage,302300.0,8.9,60,Salaried,32600.0,South,701.0,0.25,4,1
10783,5449,2021-09-20,Personal Loan,23400.0,10.8,12,Retired,53800.0,South,464.0,0.25,4,1
10784,5488,2021-04-10,Credit Card,59500.0,20.8,12,Salaried,141300.0,South,631.0,0.33,2,1
10785,5034,2022-08-15,Credit Card,37100.0,16.4,12,Salaried,133900.0,West,723.0,0.22,3,0
10786,5348,2022-11-28,Credit Card,98900.0,23.4,12,Salaried,97000.0,West,769.0,0.26,1,1
10787,5095,2023-04-23,Credit Card,7400.0,22.7,12,Salaried,92200.0,South,717.0,0.27,1,0
10788,5072,2022-02-03,Personal Loan,38900.0,12.9,24,Salaried,21200.0,North,568.0,0.6,4,1
10789,5551,2023-04-01,Auto Loan,30700.0,13.3,48,Retired,39000.0,South,762.0,0.31,2,0
10790,5154,2023-03-10,Credit Card,54600.0,22.0,12,Salaried,46700.0,South,588.0,0.34,1,0
10791,5250,2021-10-16,Personal Loan,76600.0,19.9,60,Salaried,93000.0,West,729.0,0.14,3,0
10792,5674,2023-03-02,Auto Loan,74000.0,11.8,36,Retired,20000.0,North,591.0,0.1,4,1
10793,5438,2021-12-08,Credit Card,64200.0,14.8,12,Retired,39200.0,West,618.0,0.41,2,1
10794,5118,2021-09-28,Personal Loan,27200.0,16.5,12,Salaried,53800.0,East,603.0,0.19,1,1
10795,5306,2022-08-14,Mortgage,173700.0,9.9,60,Salaried,104700.0,West,691.0,0.63,2,1
10796,5268,2021-10-26,Mortgage,84100.0,10.0,60,Self-Employed,216100.0,South,664.0,0.1,3,1
10797,5054,2022-07-28,Credit Card,30200.0,17.1,12,Self-Employed,38200.0,East,720.0,0.25,0,0
10798,5236,2022-07-09,Personal Loan,26800.0,18.6,24,Self-Employed,39400.0,East,678.0,0.46,1,1
10799,5389,2022-05-28,Auto Loan,34400.0,14.7,60,Self-Employed,85900.0,West,558.0,0.06,2,0
10800,5734,2021-12-13,Credit Card,32900.0,16.2,12,Self-Employed,246100.0,South,702.0,0.28,2,1
10801,5401,2022-05-15,Personal Loan,41100.0,10.9,12,Salaried,61700.0,South,539.0,0.3,1,1
10802,5624,2022-06-27,Credit Card,27500.0,15.9,12,Self-Employed,29900.0,East,609.0,0.11,1,1
10803,5303,2022-05-12,Credit Card,95100.0,22.2,12,Salaried,44200.0,North,650.0,0.08,0,0
10804,5207,2022-02-09,Credit Card,94700.0,20.8,12,Self-Employed,84300.0,South,645.0,0.26,0,1
10805,5229,2021-01-14,Credit Card,62900.0,20.4,12,Self-Employed,86500.0,Central,548.0,0.19,1,0
10806,5578,2022-06-19,Credit Card,92800.0,18.0,12,Salaried,42100.0,North,789.0,0.44,2,1
10807,5075,2021-06-03,Mortgage,201800.0,9.7,60,Salaried,43800.0,South,811.0,0.32,2,0
10808,5435,2022-08-08,Credit Card,5600.0,17.1,12,Salaried,36700.0,South,850.0,0.28,2,1
10809,5103,2022-11-23,Auto Loan,103400.0,10.8,24,Salaried,105900.0,East,771.0,0.23,2,1
10810,5422,2022-04-01,Mortgage,235900.0,10.9,60,Self-Employed,40800.0,North,648.0,0.1,1,1
10811,5704,2022-05-09,Credit Card,63400.0,23.8,12,Salaried,47500.0,East,646.0,0.29,2,0
10812,5738,2023-05-16,Credit Card,77200.0,23.3,12,Self-Employed,51800.0,North,642.0,0.21,0,1
10813,5306,2023-02-10,Credit Card,53700.0,23.3,12,Salaried,26800.0,North,838.0,0.26,0,0
10814,5098,2023-04-12,Credit Card,71900.0,18.0,12,Self-Employed,40000.0,West,670.0,0.27,1,1
10815,5335,2023-01-11,Auto Loan,89300.0,10.8,60,Self-Employed,172800.0,South,781.0,0.32,8,1
10816,5435,2021-04-10,Credit Card,93800.0,21.1,12,Self-Employed,31400.0,Central,775.0,0.31,1,1
10817,5447,2021-05-16,Mortgage,338000.0,11.6,60,Salaried,37000.0,North,695.0,0.1,5,1
10818,5308,2022-04-25,Personal Loan,23500.0,11.4,12,Retired,21300.0,South,563.0,0.14,1,1
10819,5249,2021-08-12,Personal Loan,99900.0,13.0,24,Salaried,57200.0,North,672.0,0.13,2,0
10820,5166,2022-03-10,Credit Card,77500.0,15.4,12,Salaried,153700.0,South,,0.19,3,0
10821,5481,2021-12-25,Personal Loan,31500.0,16.1,60,Salaried,56000.0,Central,782.0,0.2,0,1
10822,5335,2022-05-15,Personal Loan,38800.0,13.1,36,Salaried,61900.0,Central,681.0,0.11,1,0
10823,5542,2022-11-11,Personal Loan,29600.0,13.3,12,Retired,26400.0,North,583.0,0.2,6,1
10824,5106,2022-10-14,Personal Loan,51600.0,10.7,24,Salaried,58100.0,East,759.0,0.27,2,1
10825,5563,2022-04-20,Personal Loan,20700.0,13.5,12,Self-Employed,172900.0,East,661.0,0.18,0,1
10826,5081,2023-01-19,Mortgage,350500.0,11.2,60,Self-Employed,80800.0,North,476.0,0.12,0,1
10827,5133,2022-01-28,Personal Loan,33200.0,12.3,48,Salaried,173800.0,North,705.0,0.17,5,1
10828,5138,2023-03-28,Auto Loan,67600.0,12.6,60,Self-Employed,176600.0,Central,720.0,0.18,4,1
10829,5184,2021-03-06,Auto Loan,41600.0,12.0,60,Salaried,57300.0,Central,612.0,0.39,2,1
10830,5401,2023-05-19,Mortgage,233600.0,11.2,60,Salaried,56800.0,Central,664.0,0.15,1,0
10831,5330,2022-08-19,Personal Loan,28900.0,11.3,24,Salaried,135300.0,West,732.0,0.42,4,1
10832,5508,2021-12-12,Mortgage,225200.0,11.9,60,Retired,38400.0,East,706.0,0.15,1,0
10833,5069,2021-06-29,Credit Card,25500.0,19.8,12,Retired,63800.0,South,554.0,0.19,2,0
10834,5546,2022-03-13,Credit Card,36900.0,24.0,12,Salaried,163000.0,North,780.0,0.35,3,1
10835,5053,2021-06-27,Credit Card,49200.0,23.1,12,Salaried,54100.0,North,816.0,0.24,1,1
10836,5450,2021-06-01,Auto Loan,81100.0,8.8,48,Self-Employed,93600.0,East,639.0,0.14,2,1
10837,5205,2022-07-16,Personal Loan,38800.0,10.6,60,Salaried,97700.0,West,527.0,0.4,4,0
10838,5126,2022-04-22,Auto Loan,62000.0,9.0,60,Self-Employed,125100.0,West,741.0,0.15,3,0
10839,5747,2022-09-02,Credit Card,23000.0,19.3,12,Salaried,87600.0,Central,626.0,0.34,1,0
10840,5043,2023-04-26,Auto Loan,65500.0,8.4,60,Salaried,30700.0,Central,722.0,0.22,1,1
10841,5111,2022-04-30,Mortgage,207500.0,7.4,60,Self-Employed,40400.0,Central,850.0,0.4,1,1
10842,5663,2022-06-13,Personal Loan,19400.0,14.6,12,Salaried,46700.0,North,556.0,0.23,1,1
10843,5183,2021-03-23,Mortgage,205100.0,6.7,60,Retired,59000.0,West,616.0,0.38,2,1
10844,5095,2022-10-16,Personal Loan,38200.0,11.2,12,Retired,22200.0,East,664.0,0.15,2,1
10845,5374,2021-12-30,Personal Loan,26300.0,14.2,24,Salaried,128200.0,South,783.0,0.3,0,0
10846,5520,2023-06-08,Personal Loan,20400.0,10.6,24,Salaried,88400.0,Central,850.0,0.25,1,0
10847,5360,2023-01-20,Personal Loan,49200.0,14.0,36,Retired,57600.0,Central,699.0,0.34,1,1
10848,5696,2022-04-21,Credit Card,57900.0,18.7,12,Retired,25000.0,North,549.0,0.24,2,0
10849,5281,2021-04-23,Personal Loan,40200.0,14.5,24,Salaried,62100.0,North,652.0,0.12,2,0
10850,5195,2023-02-22,Personal Loan,40400.0,18.7,24,Self-Employed,90200.0,East,618.0,0.26,2,1
10851,5195,2022-12-29,Mortgage,147400.0,9.4,60,Salaried,68000.0,East,737.0,0.14,3,1
10852,5667,2021-06-17,Auto Loan,77100.0,10.7,60,Salaried,69400.0,Central,710.0,0.21,3,1
10853,5093,2021-09-26,Auto Loan,93800.0,10.3,24,Self-Employed,60300.0,North,596.0,0.22,2,1
10854,5672,2022-12-24,Mortgage,108100.0,11.0,60,Salaried,64100.0,North,613.0,0.3,0,1
10855,5061,2021-06-18,Auto Loan,42900.0,14.2,24,Retired,54900.0,South,651.0,0.31,2,1
10856,5634,2023-04-16,Personal Loan,33900.0,18.5,48,Salaried,33400.0,North,,0.15,1,0
10857,5051,2022-01-22,Credit Card,31900.0,20.7,12,Self-Employed,216000.0,North,676.0,0.19,0,1
10858,5403,2021-03-21,Auto Loan,30700.0,8.1,60,Salaried,97800.0,Central,,0.3,7,1
10859,5005,2023-01-13,Personal Loan,26200.0,12.8,48,Salaried,37000.0,South,778.0,0.27,1,1
10860,5466,2021-12-06,Auto Loan,36600.0,7.4,48,Self-Employed,95700.0,South,648.0,0.25,2,1
10861,5604,2022-04-25,Personal Loan,22000.0,19.3,12,Salaried,94000.0,North,636.0,0.32,2,0
10862,5682,2021-04-13,Personal Loan,38600.0,16.6,24,Salaried,32300.0,South,572.0,0.31,0,1
10863,5534,2021-01-03,Credit Card,61700.0,21.5,12,Salaried,61100.0,West,662.0,0.1,0,1
10864,5405,2022-08-04,Credit Card,67100.0,17.1,12,Salaried,57600.0,East,700.0,0.09,2,0
10865,5513,2022-04-14,Credit Card,23300.0,22.5,12,Self-Employed,46500.0,West,542.0,0.21,1,1
10866,5645,2022-06-25,Auto Loan,51000.0,9.1,24,Salaried,62700.0,South,652.0,0.47,1,0
10867,5233,2022-12-24,Personal Loan,56200.0,10.0,24,Salaried,44300.0,South,772.0,0.4,6,1
10868,5524,2022-08-12,Personal Loan,17200.0,13.8,36,Salaried,119000.0,South,731.0,0.33,2,1
10869,5346,2021-06-09,Mortgage,176400.0,9.6,60,Salaried,43800.0,South,709.0,0.1,0,0
10870,5046,2021-11-25,Auto Loan,165000.0,10.8,36,Salaried,89000.0,West,729.0,0.18,1,1
10871,5546,2023-04-05,Personal Loan,50900.0,18.6,48,Salaried,26200.0,South,634.0,0.22,2,1
10872,5078,2022-12-02,Auto Loan,54300.0,7.8,24,Salaried,55200.0,East,623.0,0.27,1,1
10873,5730,2022-05-22,Personal Loan,27400.0,15.5,60,Self-Employed,73800.0,North,781.0,0.45,0,1
10874,5073,2021-08-21,Credit Card,69400.0,19.1,12,Self-Employed,63800.0,East,746.0,0.2,2,0
10875,5249,2021-10-02,Personal Loan,13200.0,12.8,24,Salaried,49100.0,Central,620.0,0.29,0,0
10876,5047,2022-10-29,Auto Loan,26300.0,13.6,48,Salaried,42900.0,East,529.0,0.28,2,1
10877,5121,2023-02-14,Auto Loan,75500.0,13.0,36,Salaried,87300.0,East,621.0,0.2,2,1
10878,5214,2022-09-03,Personal Loan,72800.0,17.3,12,Salaried,98700.0,Central,723.0,0.21,0,0
10879,5239,2023-01-07,Mortgage,139800.0,11.3,60,Salaried,57500.0,East,627.0,0.23,1,0
10880,5056,2022-11-29,Credit Card,31400.0,21.2,12,Salaried,34600.0,South,706.0,0.37,2,1
10881,5350,2021-05-17,Personal Loan,29300.0,12.3,36,Salaried,146800.0,South,793.0,0.13,2,0
10882,5107,2022-01-21,Personal Loan,24100.0,17.1,60,Salaried,38600.0,West,672.0,0.1,1,1
10883,5048,2021-05-20,Personal Loan,36700.0,13.1,60,Salaried,28900.0,West,698.0,0.33,1,0
10884,5573,2021-08-03,Personal Loan,40700.0,12.4,36,Salaried,21900.0,South,734.0,0.24,7,0
10885,5337,2023-03-03,Credit Card,98600.0,14.7,12,Salaried,62900.0,South,593.0,0.3,0,1
10886,5026,2022-03-07,Auto Loan,58100.0,13.0,24,Salaried,53700.0,Central,618.0,0.36,7,1
10887,5257,2022-05-03,Credit Card,23900.0,21.1,12,Salaried,100300.0,North,,0.31,0,1
10888,5008,2021-06-12,Personal Loan,51600.0,12.3,36,Salaried,81300.0,South,,0.05,1,1
10889,5625,2021-10-12,Personal Loan,28300.0,17.5,48,Salaried,69200.0,North,,0.26,2,1
10890,5253,2021-07-29,Personal Loan,26400.0,19.2,36,Salaried,52300.0,West,682.0,0.26,0,0
10891,5692,2021-07-07,Credit Card,72500.0,15.1,12,Salaried,104300.0,North,758.0,0.18,0,1
10892,5719,2022-08-04,Auto Loan,42100.0,8.9,60,Salaried,152300.0,East,714.0,0.31,1,1
10893,5303,2021-08-22,Personal Loan,19300.0,17.5,48,Salaried,99200.0,North,715.0,0.07,6,1
10894,5639,2022-07-30,Auto Loan,84100.0,9.2,60,Salaried,47500.0,East,777.0,0.2,1,1
10895,5056,2021-02-23,Mortgage,154400.0,9.9,60,Self-Employed,126400.0,West,808.0,0.52,2,1
10896,5726,2021-05-10,Credit Card,23000.0,14.8,12,Salaried,49000.0,South,850.0,0.08,3,1
10897,5526,2021-09-07,Auto Loan,66600.0,10.6,24,Salaried,34500.0,East,633.0,0.1,3,1
10898,5474,2022-06-28,Credit Card,30900.0,21.4,12,Self-Employed,39000.0,South,850.0,0.26,3,0
10899,5028,2022-09-08,Credit Card,21800.0,20.9,12,Salaried,50100.0,South,592.0,0.14,1,1
10900,5078,2022-02-07,Credit Card,33000.0,22.2,12,Salaried,63100.0,West,834.0,0.23,0,0
10901,5216,2022-02-10,Credit Card,15900.0,22.8,12,Self-Employed,309400.0,South,629.0,0.37,1,1
10902,5386,2022-10-22,Personal Loan,52200.0,17.7,12,Self-Employed,39500.0,West,674.0,0.3,1,0
10903,5365,2021-01-15,Personal Loan,63200.0,16.7,12,Salaried,116000.0,North,681.0,0.11,0,1
10904,5666,2021-11-07,Personal Loan,34300.0,10.3,24,Salaried,51100.0,North,610.0,0.35,0,0
10905,5526,2023-01-16,Credit Card,28700.0,19.3,12,Salaried,21800.0,South,686.0,0.23,5,1
10906,5699,2022-07-03,Personal Loan,52200.0,10.4,60,Salaried,46500.0,East,614.0,0.52,5,0
10907,5312,2021-11-03,Mortgage,203100.0,10.9,60,Salaried,107800.0,South,581.0,0.32,0,0
10908,5007,2023-04-05,Auto Loan,99600.0,9.6,48,Salaried,71100.0,West,676.0,0.32,1,0
10909,5003,2022-12-05,Credit Card,33000.0,19.6,12,Salaried,73300.0,North,807.0,0.19,0,0
10910,5623,2021-08-30,Personal Loan,25500.0,12.8,12,Retired,61800.0,North,659.0,0.51,1,0
10911,5750,2022-08-11,Mortgage,118900.0,10.8,60,Retired,24000.0,West,755.0,0.34,1,1
10912,5363,2022-06-27,Auto Loan,52600.0,14.1,60,Salaried,35400.0,West,612.0,0.26,5,1
10913,5508,2022-01-01,Auto Loan,116800.0,10.2,60,Self-Employed,20000.0,North,577.0,0.12,0,0
10914,5274,2021-11-30,Personal Loan,29200.0,18.6,48,Salaried,92800.0,East,716.0,0.18,1,1
10915,5506,2021-11-09,Credit Card,94300.0,16.7,12,Self-Employed,108400.0,South,,0.2,0,1
10916,5739,2022-07-16,Personal Loan,60400.0,15.3,24,Salaried,86000.0,West,696.0,0.19,7,1
10917,5015,2022-02-07,Personal Loan,42000.0,18.6,60,Salaried,33100.0,Central,746.0,0.09,5,1
10918,5192,2023-01-27,Auto Loan,50700.0,9.6,60,Salaried,26800.0,Central,799.0,0.33,3,1
10919,5631,2022-09-02,Auto Loan,70600.0,14.6,60,Salaried,31000.0,West,677.0,0.18,2,1
10920,5485,2021-03-05,Credit Card,51200.0,15.2,12,Salaried,37700.0,South,667.0,0.26,1,1
10921,5028,2022-08-06,Mortgage,193700.0,6.6,60,Self-Employed,217000.0,West,717.0,0.22,1,1
10922,5714,2021-09-04,Credit Card,95200.0,23.0,12,Self-Employed,147300.0,East,732.0,0.31,2,1
10923,5039,2022-06-24,Credit Card,18000.0,14.7,12,Salaried,47600.0,North,568.0,0.2,3,0
10924,5273,2022-09-11,Personal Loan,25200.0,19.9,36,Salaried,69500.0,South,703.0,0.21,1,1
10925,5231,2021-07-30,Mortgage,239900.0,11.7,60,Salaried,42700.0,Central,679.0,0.49,1,1
10926,5086,2022-02-20,Personal Loan,72100.0,11.4,12,Self-Employed,94400.0,Central,616.0,0.31,2,1
10927,5474,2021-06-23,Mortgage,66000.0,9.5,60,Retired,23000.0,North,674.0,0.3,1,0
10928,5126,2021-02-17,Auto Loan,103700.0,8.5,48,Retired,49000.0,West,586.0,0.29,2,1
10929,5537,2021-12-11,Personal Loan,29600.0,14.3,48,Self-Employed,40300.0,West,,0.28,1,1
10930,5145,2021-11-27,Credit Card,25700.0,14.6,12,Salaried,89600.0,South,685.0,0.07,0,1
10931,5525,2023-06-25,Mortgage,152400.0,7.7,60,Salaried,48400.0,South,752.0,0.49,2,1
10932,5212,2022-02-11,Credit Card,6400.0,17.6,12,Salaried,40300.0,West,652.0,0.38,5,1
10933,5025,2021-10-31,Mortgage,103100.0,8.9,60,Retired,69200.0,South,603.0,0.18,1,0
10934,5580,2022-06-13,Mortgage,178800.0,11.9,60,Salaried,65400.0,North,615.0,0.11,1,1
10935,5394,2021-03-22,Credit Card,87900.0,22.1,12,Salaried,51000.0,West,723.0,0.39,0,1
10936,5067,2023-05-26,Credit Card,54700.0,21.4,12,Self-Employed,124300.0,Central,813.0,0.27,2,1
10937,5233,2022-08-01,Mortgage,112300.0,9.5,60,Salaried,30600.0,East,741.0,0.32,4,0
10938,5109,2022-11-18,Auto Loan,116300.0,13.7,48,Salaried,104100.0,West,784.0,0.24,1,1
10939,5146,2021-06-05,Personal Loan,50600.0,13.4,36,Self-Employed,66300.0,South,596.0,0.42,1,1
10940,5111,2022-01-08,Personal Loan,38000.0,17.1,12,Salaried,80900.0,North,674.0,0.15,6,1
10941,5228,2022-01-20,Credit Card,12900.0,23.9,12,Salaried,27600.0,East,761.0,0.11,3,1
10942,5111,2023-01-18,Mortgage,244500.0,8.2,60,Self-Employed,56000.0,South,568.0,0.32,2,0
10943,5470,2021-01-02,Auto Loan,45000.0,12.4,24,Self-Employed,73400.0,Central,627.0,0.23,1,1
10944,5034,2021-10-01,Auto Loan,44700.0,13.8,60,Retired,54800.0,North,755.0,0.38,1,1
10945,5623,2023-06-12,Personal Loan,32100.0,19.2,48,Salaried,84100.0,South,700.0,0.38,3,1
10946,5369,2022-03-09,Personal Loan,17800.0,17.2,48,Salaried,49200.0,South,602.0,0.2,2,1
10947,5748,2021-12-15,Mortgage,203100.0,8.1,60,Self-Employed,91400.0,Central,549.0,0.24,2,1
10948,5595,2021-04-20,Personal Loan,39900.0,13.3,24,Salaried,112200.0,North,786.0,0.16,0,0
10949,5554,2023-06-06,Personal Loan,41500.0,10.2,60,Salaried,54200.0,North,515.0,0.22,2,1
10950,5425,2021-01-19,Personal Loan,56600.0,17.6,36,Self-Employed,58900.0,North,730.0,0.21,4,1
10951,5613,2022-11-02,Auto Loan,109700.0,7.3,60,Salaried,23300.0,West,637.0,0.09,5,1
10952,5518,2022-12-01,Mortgage,135700.0,11.3,60,Salaried,52100.0,North,763.0,0.23,0,0
10953,5692,2021-08-10,Personal Loan,46100.0,11.2,48,Salaried,25100.0,North,596.0,0.14,2,1
10954,5282,2022-09-04,Credit Card,87900.0,15.7,12,Salaried,56500.0,North,850.0,0.17,2,0
10955,5320,2021-03-26,Credit Card,80000.0,18.8,12,Salaried,98100.0,West,712.0,0.35,4,1
10956,5738,2021-08-22,Mortgage,198100.0,10.6,60,Salaried,20700.0,North,725.0,0.3,3,1
10957,5443,2022-12-18,Personal Loan,80400.0,11.4,60,Self-Employed,173500.0,South,618.0,0.14,6,1
10958,5315,2023-02-26,Credit Card,28400.0,18.4,12,Retired,31800.0,South,669.0,0.13,6,1
10959,5741,2022-07-08,Credit Card,45200.0,18.8,12,Salaried,59100.0,East,671.0,0.21,1,1
10960,5377,2022-04-07,Mortgage,114800.0,7.7,60,Salaried,46600.0,West,823.0,0.26,3,1
10961,5289,2021-05-25,Credit Card,18700.0,15.2,12,Salaried,25400.0,East,,0.32,2,1
10962,5437,2021-02-27,Personal Loan,53000.0,18.4,12,Salaried,40500.0,Central,723.0,0.2,1,1
10963,5662,2021-04-18,Credit Card,16000.0,19.0,12,Self-Employed,317500.0,Central,722.0,0.5,1,1
10964,5277,2021-07-26,Auto Loan,60400.0,7.1,60,Self-Employed,34000.0,South,730.0,0.22,0,1
10965,5710,2021-11-07,Personal Loan,28700.0,18.0,24,Self-Employed,24100.0,West,568.0,0.16,3,0
10966,5582,2021-12-13,Mortgage,95000.0,11.9,60,Salaried,64300.0,West,,0.47,1,1
10967,5503,2021-11-12,Personal Loan,40600.0,16.1,36,Salaried,57400.0,Central,609.0,0.28,4,0
10968,5624,2021-08-06,Credit Card,70400.0,19.0,12,Salaried,50900.0,South,676.0,0.12,2,1
10969,5516,2022-04-09,Credit Card,90300.0,22.8,12,Salaried,60300.0,East,802.0,0.16,3,1
10970,5350,2023-01-22,Auto Loan,54100.0,14.6,60,Self-Employed,114800.0,South,834.0,0.09,1,0
10971,5446,2021-09-12,Credit Card,90100.0,21.5,12,Retired,28700.0,Central,744.0,0.3,2,1
10972,5350,2023-05-08,Mortgage,175100.0,8.9,60,Salaried,66000.0,North,639.0,0.28,2,1
10973,5607,2023-03-06,Auto Loan,49200.0,11.7,36,Self-Employed,149700.0,North,690.0,0.32,1,1
10974,5664,2021-05-28,Credit Card,9900.0,21.0,12,Salaried,36400.0,South,693.0,0.2,4,1
10975,5137,2022-12-17,Auto Loan,70800.0,8.6,60,Salaried,20000.0,North,696.0,0.27,2,0
10976,5243,2022-06-07,Auto Loan,37300.0,10.6,24,Salaried,83700.0,East,581.0,0.22,0,0
10977,5543,2022-05-31,Personal Loan,40100.0,18.3,24,Salaried,209300.0,North,780.0,0.08,4,1
10978,5040,2021-12-22,Credit Card,84300.0,20.5,12,Salaried,59700.0,South,690.0,0.19,0,1
10979,5229,2022-04-02,Mortgage,230600.0,8.8,60,Self-Employed,84200.0,Central,622.0,0.2,2,0
10980,5548,2021-12-28,Personal Loan,32200.0,16.6,60,Self-Employed,59500.0,South,640.0,0.26,2,1
10981,5223,2022-05-07,Auto Loan,35700.0,7.9,48,Salaried,132500.0,West,701.0,0.2,0,1
10982,5006,2022-07-26,Mortgage,186000.0,8.7,60,Salaried,57600.0,North,567.0,0.42,3,1
10983,5322,2022-09-06,Personal Loan,40700.0,17.9,48,Self-Employed,64200.0,North,750.0,0.31,3,1
10984,5468,2022-04-30,Auto Loan,38900.0,8.8,60,Self-Employed,138400.0,West,698.0,0.27,3,0
10985,5732,2022-10-19,Credit Card,77400.0,15.9,12,Self-Employed,52100.0,West,805.0,0.3,1,1
10986,5075,2021-05-09,Credit Card,79200.0,23.5,12,Salaried,31500.0,South,686.0,0.26,1,1
10987,5004,2021-07-12,Personal Loan,23500.0,12.1,60,Retired,51700.0,Central,593.0,0.36,1,1
10988,5646,2023-01-16,Personal Loan,26100.0,12.6,24,Salaried,44500.0,Central,584.0,0.08,6,0
10989,5118,2021-10-21,Auto Loan,56600.0,14.8,60,Self-Employed,36900.0,Central,,0.26,0,1
10990,5606,2021-01-21,Auto Loan,44200.0,12.9,36,Salaried,171100.0,South,657.0,0.11,2,0
10991,5504,2021-05-20,Auto Loan,77400.0,12.6,60,Self-Employed,64500.0,North,634.0,0.17,4,0
10992,5574,2021-07-23,Credit Card,34600.0,22.5,12,Salaried,76700.0,East,690.0,0.21,3,1
10993,5441,2023-05-22,Personal Loan,39100.0,11.2,24,Salaried,60800.0,East,632.0,0.26,4,1
10994,5194,2022-06-06,Auto Loan,81300.0,12.6,24,Salaried,38400.0,North,700.0,0.13,6,1
10995,5715,2023-04-29,Personal Loan,19500.0,15.0,36,Salaried,84500.0,West,638.0,0.2,1,0
10996,5392,2022-06-08,Mortgage,75500.0,11.1,60,Self-Employed,91100.0,North,730.0,0.45,1,0
10997,5026,2022-03-13,Auto Loan,92600.0,11.1,48,Self-Employed,46100.0,South,655.0,0.34,0,1
10998,5435,2021-10-13,Auto Loan,44900.0,12.0,60,Retired,43200.0,South,779.0,0.27,1,1
10999,5173,2022-07-06,Mortgage,111200.0,9.1,60,Salaried,46300.0,West,732.0,0.18,2,1
11000,5300,2021-05-07,Personal Loan,78800.0,14.8,12,Self-Employed,33800.0,South,695.0,0.28,1,0
